id,spatial_data_yr,geography,L0_code,L0_name,L1_code,L1_name,L2_code,L2_name,yieldvus_all,yieldvus_sel7,yieldvus_sel6,yieldvus_sel1,yieldvus_sel2,yieldvus_sel3,yieldvus_sel4,yieldvus_sel5,yieldp_all,yieldp_sel7,yieldp_sel6,yieldp_sel1,yieldp_sel2,yieldp_sel3,yieldp_sel4,yieldp_sel5
3_10_203_0,2011,Total,3,India,10,Bihar,203,Pashchim Champaran,1.1,,.8100000000000001,.3,.88,.8200000000000001,2.8,.88,9,,3.4,1.1,.91,2,47,2.9
3_10_204_0,2011,Total,3,India,10,Bihar,204,Purba Champaran,.59,,.39,.21,.84,.58,2.7,.45,2.3,,1.6,.8300000000000001,.87,1.4,44.6,1.5
3_10_205_0,2011,Total,3,India,10,Bihar,205,Sheohar,.62,,.4,.21,.51,.38,3.4,.65,4.100000000000001,,1.7,.86,.47,.9,57.40000000000001,2.1
3_10_206_0,2011,Total,3,India,10,Bihar,206,Sitamarhi,.6800000000000001,,.63,.27,.71,.61,2.7,.63,2.5,,2.6,.98,.7000000000000001,1.5,45.6,2.1
3_10_207_0,2011,Total,3,India,10,Bihar,207,Madhubani,.5,,.84,.16,.48,.48,2.1,.49,1.4,,3.5,.63,.46,1.2,35.4,1.6
3_10_208_0,2011,Total,3,India,10,Bihar,208,Supaul,.91,,.86,.26,.92,.45,,.5700000000000001,2.1,,3.6,1,.75,1.1,,1.9
3_10_209_0,2011,Total,3,India,10,Bihar,209,Araria,1.4,.41,.9500000000000001,.2,.7000000000000001,.5,,.34,2.9,.49,3.9,.8100000000000001,.64,1.2,,1.1
3_10_210_0,2011,Total,3,India,10,Bihar,210,Kishanganj,1.1,.41,.86,.2,.58,.45,2.6,.37,2.2,.5,3.6,.8100000000000001,.5,1.1,44,1.2
3_10_211_0,2011,Total,3,India,10,Bihar,211,Purnia,.67,,.8300000000000001,,.74,.51,,.5,1.9,,3.5,,.64,1.2,,1.6
3_10_212_0,2011,Total,3,India,10,Bihar,212,Katihar,1.2,,.71,,.6900000000000001,.5700000000000001,2.7,.54,2.9,,3,,.64,1.4,45.3,1.8
3_10_213_0,2011,Total,3,India,10,Bihar,213,Madhepura,1,,.73,.24,1,.36,2.6,.6800000000000001,2.6,,3,.96,.8100000000000001,.86,44,2.2
3_10_214_0,2011,Total,3,India,10,Bihar,214,Saharsa,.55,,.8300000000000001,.17,.78,.38,2.6,.53,1.6,,3.4,.6900000000000001,.64,.92,44,1.7
3_10_215_0,2011,Total,3,India,10,Bihar,215,Darbhanga,.61,,.8,.31,.32,.54,2.1,.71,1.8,,3.3,1.3,.32,1.3,35.4,2.3
3_10_216_0,2011,Total,3,India,10,Bihar,216,Muzaffarpur,.59,,.63,.2,.6800000000000001,.54,1.1,.6,1.7,,2.6,.8100000000000001,.5700000000000001,1.3,17.6,1.9
3_10_217_0,2011,Total,3,India,10,Bihar,217,Gopalganj,.77,,.39,.17,1,.51,2.6,.48,6.800000000000001,,1.6,.72,.91,1.2,44.40000000000001,1.6
3_10_218_0,2011,Total,3,India,10,Bihar,218,Siwan,.62,,.34,.11,.77,.53,2.6,.6800000000000001,2.2,,1.4,.44,.6900000000000001,1.3,44.1,2.2
3_10_219_0,2011,Total,3,India,10,Bihar,219,Saran,.67,,.36,.1,.89,.6,,.76,2.1,,1.5,.38,.8200000000000001,1.4,,2.5
3_10_220_0,2011,Total,3,India,10,Bihar,220,Vaishali,.75,,.5600000000000001,.21,.66,.66,2.7,.92,2.3,,2.3,.8300000000000001,.5600000000000001,1.6,45.6,3
3_10_221_0,2011,Total,3,India,10,Bihar,221,Samastipur,.78,,.85,.34,1.8,.63,2.1,.71,2.5,,3.5,1.1,1.4,1.5,35.8,2.3
3_10_222_0,2011,Total,3,India,10,Bihar,222,Begusarai,.53,,.36,.21,1.1,.48,1,.61,1.7,,1.5,.85,1,1.2,16.9,2
3_10_223_0,2011,Total,3,India,10,Bihar,223,Khagaria,.54,,.8,.25,.92,.21,1,.24,1.9,,3.3,.9,.85,.52,17,.78
3_10_224_0,2011,Total,3,India,10,Bihar,224,Bhagalpur,.66,,.58,.29,.8200000000000001,.5600000000000001,2.1,.59,2.4,,2.4,1,.88,1.4,36,1.9
3_10_225_0,2011,Total,3,India,10,Bihar,225,Banka,.88,.41,.6,,.8200000000000001,.92,2.3,.86,2.8,.49,2.5,,.98,2.2,38.40000000000001,2.8
3_10_226_0,2011,Total,3,India,10,Bihar,226,Munger,.58,,.45,,.65,.61,,.5600000000000001,1.6,,1.9,,.78,1.5,,1.8
3_10_227_0,2011,Total,3,India,10,Bihar,227,Lakhisarai,.6900000000000001,,.23,,.72,.84,,.5600000000000001,1.8,,.97,,.88,2,,1.8
3_10_228_0,2011,Total,3,India,10,Bihar,228,Sheikhpura,.85,,.44,,.91,.9500000000000001,.96,.66,2.2,,1.8,,1.1,2.3,16.2,2.1
3_10_229_0,2011,Total,3,India,10,Bihar,229,Nalanda,.6,.41,.35,.2,.8300000000000001,.58,3.3,.5,1.7,.5,1.4,.8100000000000001,.9500000000000001,1.4,54.90000000000001,1.6
3_10_230_0,2011,Total,3,India,10,Bihar,230,Patna,.72,,.41,,.8200000000000001,.64,2.6,.8,2,,1.7,,.97,1.5,44,2.6
3_10_231_0,2011,Total,3,India,10,Bihar,231,Bhojpur,1,,.25,.3,.8300000000000001,1.2,2.8,.84,2.8,,1,1.1,.98,3,46.2,2.7
3_10_232_0,2011,Total,3,India,10,Bihar,232,Buxar,.9300000000000001,,.47,.29,.8200000000000001,.98,2.9,.88,2.8,,1.9,1.2,1,2.4,49.3,2.9
3_10_233_0,2011,Total,3,India,10,Bihar,233,Kaimur (Bhabua),.76,,.13,,.62,.8100000000000001,2.6,.66,2,,.55,,.79,2,44,2.1
3_10_234_0,2011,Total,3,India,10,Bihar,234,Rohtas,.98,.41,.2,.32,.74,1.1,,.79,2.7,.49,.8200000000000001,1,.92,2.8,,2.6
3_10_235_0,2011,Total,3,India,10,Bihar,235,Aurangabad,.52,,.3,.2,.5700000000000001,.6,2.3,.35,1.4,,1.3,.79,.6900000000000001,1.4,38.5,1.1
3_10_236_0,2011,Total,3,India,10,Bihar,236,Gaya,.73,.41,.38,.2,.91,.73,2.1,.6800000000000001,2.1,.49,1.6,.8100000000000001,1.1,1.8,35.3,2.2
3_10_237_0,2011,Total,3,India,10,Bihar,237,Nawada,.76,.41,.55,.21,.67,.8200000000000001,2.1,.67,2.2,.5,2.3,.88,.78,2,35,2.2
3_10_238_0,2011,Total,3,India,10,Bihar,238,Jamui,.59,,.41,,.62,.71,.97,.29,1.7,,1.7,,.75,1.7,16.2,.9300000000000001
3_10_239_0,2011,Total,3,India,10,Bihar,239,Jehanabad,.89,,.43,.2,.71,1,2.1,.6800000000000001,2.4,,1.8,.8100000000000001,.8200000000000001,2.5,35,2.2
3_10_240_0,2011,Total,3,India,10,Bihar,240,Arwal,.89,,.43,.2,.71,1,2.1,.6800000000000001,2.4,,1.8,.8100000000000001,.8200000000000001,2.5,35,2.2
3_11_241_0,2011,Total,3,India,11,Sikkim,241,North  District,.42,,.36,,.7000000000000001,.44,,.34,1.2,,1.5,,.85,1.1,,1.1
3_11_242_0,2011,Total,3,India,11,Sikkim,242,West District,.5,,.41,,.77,.75,,.24,1.5,,1.7,,.88,1.8,,.76
3_11_243_0,2011,Total,3,India,11,Sikkim,243,South District,.44,,.31,,.8300000000000001,.74,,.27,1.2,,1.3,,.92,1.8,,.88
3_11_244_0,2011,Total,3,India,11,Sikkim,244,East District,.62,,.5600000000000001,,.9400000000000001,.72,,.29,1.7,,2.3,,.98,1.7,,.9500000000000001
3_12_245_1,2011,Total,3,India,12,India/China  1,245,Tawang,.79,,.51,,,.42,,.49,2.9,,2.1,,,1,,1.6
3_12_246_1,2011,Total,3,India,12,India/China  1,246,West Kameng,.5600000000000001,,.39,,,.41,,.36,1.9,,1.6,,,1,,1.2
3_12_247_1,2011,Total,3,India,12,India/China  1,247,East Kameng,.45,,.31,,,.35,.45,.63,1,,1.3,,,.84,7.5,2.1
3_12_248_0,2011,Total,3,India,12,Arunachal Pradesh,248,Papum Pare,.97,,.47,,,.6900000000000001,.98,.58,2.2,,1.9,,,1.7,16.5,1.9
3_12_248_1,2011,Total,3,India,12,India/China  1,248,Papum Pare,.97,,.47,,,.6900000000000001,.98,.58,2.2,,1.9,,,1.7,16.5,1.9
3_12_249_1,2011,Total,3,India,12,India/China  1,249,Upper Subansiri,1.1,,.3,,,.54,1.5,,1.7,,1.3,,,1.3,25,
3_12_250_1,2011,Total,3,India,12,India/China  1,250,West Siang,.73,,.24,,,.37,1.7,.39,1.2,,1,,,.89,29,1.2
3_12_250_0,2011,Total,3,India,12,Arunachal Pradesh,250,West Siang,.73,,.24,,,.37,1.7,.39,1.2,,1,,,.89,29,1.2
3_12_251_1,2011,Total,3,India,12,India/China  1,251,East Siang,2,,.58,,,.62,2.2,.45,2.6,,2.4,,,1.5,36.9,1.5
3_12_251_0,2011,Total,3,India,12,Arunachal Pradesh,251,East Siang,2,,.58,,,.62,2.2,.45,2.6,,2.4,,,1.5,36.9,1.5
3_12_252_1,2011,Total,3,India,12,India/China  1,252,Upper Siang,.96,,.28,,,.48,.49,,1.4,,1.2,,,1.2,8.300000000000001,
3_12_253_0,2011,Total,3,India,12,Arunachal Pradesh,253,Changlang,1.8,,.28,,,.8300000000000001,.77,.62,2.5,,1.1,,,2,13,2
3_12_254_0,2011,Total,3,India,12,Arunachal Pradesh,254,Tirap,.49,,.29,,,.26,,,.91,,1.2,,,.63,,
3_12_255_1,2011,Total,3,India,12,India/China  1,255,Lower Subansiri,.8,,.47,,,.51,.87,.31,1.8,,2,,,1.2,14.5,1
3_12_256_1,2011,Total,3,India,12,India/China  1,256,Kurung Kumey,.8,,.47,,,.51,.87,.31,1.8,,2,,,1.2,14.5,1
3_12_257_1,2011,Total,3,India,12,India/China  1,257,Dibang Valley,.5,,.28,,,.29,,,1.1,,1.1,,,.7000000000000001,,
3_12_258_1,2011,Total,3,India,12,India/China  1,258,Lower Dibang Valley,.5,,.28,,,.29,,,1.1,,1.1,,,.7000000000000001,,
3_12_258_0,2011,Total,3,India,12,Arunachal Pradesh,258,Lower Dibang Valley,.5,,.28,,,.29,,,1.1,,1.1,,,.7000000000000001,,
3_12_259_1,2011,Total,3,India,12,India/China  1,259,Lohit,1.8,,.29,,,.7000000000000001,.38,.5,2,,1.2,,,1.7,6.4,1.6
3_12_259_0,2011,Total,3,India,12,Arunachal Pradesh,259,Lohit,1.8,,.29,,,.7000000000000001,.38,.5,2,,1.2,,,1.7,6.4,1.6
3_12_260_1,2011,Total,3,India,12,India/China  1,260,Anjaw,.96,,.29,,,.26,.32,.48,1.2,,1.2,,,.62,5.300000000000001,1.6
3_12_260_0,2011,Total,3,India,12,Arunachal Pradesh,260,Anjaw,.96,,.29,,,.26,.32,.48,1.2,,1.2,,,.62,5.300000000000001,1.6
3_13_261_0,2011,Total,3,India,13,Nagaland,261,Mon,.86,.73,.34,.19,.9,.65,2.2,.41,2.2,.89,1.4,.7000000000000001,1.2,1.6,36.1,1.3
3_13_262_0,2011,Total,3,India,13,Nagaland,262,Mokokchung,1,.76,.37,.17,.97,.6800000000000001,2.1,.39,2.3,.9300000000000001,1.5,.71,1.1,1.6,35.7,1.3
3_13_263_0,2011,Total,3,India,13,Nagaland,263,Zunheboto,.75,.86,.35,.16,.8300000000000001,.66,2.1,.4,1.8,1,1.4,.63,1.2,1.6,35.9,1.3
3_13_264_0,2011,Total,3,India,13,Nagaland,264,Wokha,.87,.77,.34,.15,.97,.6800000000000001,2.2,.4,2.2,.9400000000000001,1.4,.6,1.2,1.6,36.2,1.3
3_13_265_0,2011,Total,3,India,13,Nagaland,265,Dimapur,.85,.75,.35,.18,.9400000000000001,.77,2.2,.43,2.4,.91,1.4,.75,1.2,1.9,36.2,1.4
3_13_266_0,2011,Total,3,India,13,Nagaland,266,Phek,1,.5700000000000001,.34,.17,.99,.8100000000000001,2.1,.42,2.2,.6900000000000001,1.4,.63,1.2,2,35.7,1.3
3_13_267_0,2011,Total,3,India,13,Nagaland,267,Tuensang,.89,.65,.35,.17,.88,.65,2.2,.42,2,.79,1.4,.71,1.1,1.6,36.1,1.4
3_13_268_0,2011,Total,3,India,13,Nagaland,268,Longleng,.89,.65,.35,.17,.88,.65,2.2,.42,2,.79,1.4,.71,1.1,1.6,36.1,1.4
3_13_269_0,2011,Total,3,India,13,Nagaland,269,Kiphire,.89,.65,.35,.17,.88,.65,2.2,.42,2,.79,1.4,.71,1.1,1.6,36.1,1.4
3_13_270_0,2011,Total,3,India,13,Nagaland,270,Kohima,1,.78,.31,.18,.92,.71,2.1,.4,2.3,.9400000000000001,1.3,.67,1.1,1.7,35.5,1.3
3_13_271_0,2011,Total,3,India,13,Nagaland,271,Peren,1,.78,.31,.18,.92,.71,2.1,.4,2.3,.9400000000000001,1.3,.67,1.1,1.7,35.5,1.3
3_14_272_0,2011,Total,3,India,14,Manipur,272,Senapati,,,,,,,,,,,,,,,,
3_14_273_0,2011,Total,3,India,14,Manipur,273,Tamenglong,,,,,,,,,,,,,,,,
3_14_274_0,2011,Total,3,India,14,Manipur,274,Churachandpur,,,,,,,,,,,,,,,,
3_14_275_0,2011,Total,3,India,14,Manipur,275,Bishnupur,,,,,,,,,,,,,,,,
3_14_276_0,2011,Total,3,India,14,Manipur,276,Thoubal,,,,,,,,,,,,,,,,
3_14_277_0,2011,Total,3,India,14,Manipur,277,Imphal West,,,,,,,,,,,,,,,,
3_14_278_0,2011,Total,3,India,14,Manipur,278,Imphal East,,,,,,,,,,,,,,,,
3_14_279_0,2011,Total,3,India,14,Manipur,279,Ukhrul,,,,,,,,,,,,,,,,
3_14_280_0,2011,Total,3,India,14,Manipur,280,Chandel,,,,,,,,,,,,,,,,
3_15_281_0,2011,Total,3,India,15,Mizoram,281,Mamit,.52,,.2,,.71,.54,.32,,1.3,,.84,,.84,1.3,5.4,
3_15_282_0,2011,Total,3,India,15,Mizoram,282,Kolasib,.59,,.33,,.89,.59,.64,,1.8,,1.4,,1.2,1.4,10.7,
3_15_283_0,2011,Total,3,India,15,Mizoram,283,Aizawl,.53,,.24,,1.7,.42,.21,,1.2,,1,,2,1,3.5,
3_15_284_0,2011,Total,3,India,15,Mizoram,284,Champhai,.8,,.36,,.87,.86,1.2,,2.2,,1.5,,1.3,2.1,20.8,
3_15_285_0,2011,Total,3,India,15,Mizoram,285,Serchhip,.63,,.3,,1.1,.66,.99,,2.1,,1.2,,1.5,1.6,16.6,
3_15_286_0,2011,Total,3,India,15,Mizoram,286,Lunglei,.46,,.32,,.6,.48,.15,,1.2,,1.3,,.71,1.1,2.6,
3_15_287_0,2011,Total,3,India,15,Mizoram,287,Lawngtlai,.36,,.23,,.5600000000000001,.36,.33,,.96,,.9500000000000001,,.67,.88,5.5,
3_15_288_0,2011,Total,3,India,15,Mizoram,288,Saiha,.24,,.14,,.89,.26,.96,,.67,,.5600000000000001,,.84,.62,16.1,
3_16_289_0,2011,Total,3,India,16,Tripura,289,West Tripura,,,,,,,,,,,,,,,,
3_16_290_0,2011,Total,3,India,16,Tripura,290,South Tripura,,,,,,,,,,,,,,,,
3_16_291_0,2011,Total,3,India,16,Tripura,291,Dhalai,,,,,,,,,,,,,,,,
3_16_292_0,2011,Total,3,India,16,Tripura,292,North Tripura,,,,,,,,,,,,,,,,
3_17_293_0,2011,Total,3,India,17,Meghalaya,293,West Garo Hills,1.9,,.38,,.6,.89,.19,.58,2.6,,1.6,,.8,2.1,3.1,1.9
3_17_294_0,2011,Total,3,India,17,Meghalaya,294,East Garo Hills,3.1,,.3,,.45,.62,.16,.34,2.6,,1.2,,.65,1.5,2.7,1.1
3_17_295_0,2011,Total,3,India,17,Meghalaya,295,South Garo Hills,1.1,,.26,,.58,.53,.18,,2,,1.1,,.71,1.3,3,
3_17_296_0,2011,Total,3,India,17,Meghalaya,296,West Khasi Hills,1.2,,.27,,.67,.59,.14,.31,3.5,,1.1,,.9,1.4,2.3,1
3_17_297_0,2011,Total,3,India,17,Meghalaya,297,Ribhoi,3,,.5600000000000001,,.64,1.1,,.31,3.8,,2.3,,.99,2.7,,1
3_17_298_0,2011,Total,3,India,17,Meghalaya,298,East Khasi Hills,1.9,,.5700000000000001,,1.8,.76,,,5.600000000000001,,2.3,,2.3,1.8,,
3_17_299_0,2011,Total,3,India,17,Meghalaya,299,Jaintia Hills,1.9,,.29,,.71,.6800000000000001,.05,,1.9,,1.2,,1.1,1.6,.79,
3_18_300_0,2011,Total,3,India,18,Assam,300,Kokrajhar,.86,,.13,,.54,.5700000000000001,2.3,.37,1.9,,.52,,.51,1.4,38.8,1.2
3_18_301_0,2011,Total,3,India,18,Assam,301,Dhubri,1.1,,.14,,.66,.71,2.3,.37,2.4,,.6,,.65,1.7,38.8,1.2
3_18_302_0,2011,Total,3,India,18,Assam,302,Goalpara,1.1,,.14,,.58,.73,2.3,.52,2.5,,.58,,.5700000000000001,1.8,38.8,1.7
3_18_303_0,2011,Total,3,India,18,Assam,303,Barpeta,.8100000000000001,,.16,,.6,.6,2.3,.26,1.9,,.65,,.58,1.5,38.8,.84
3_18_304_0,2011,Total,3,India,18,Assam,304,Morigaon,1.1,,.09,,.73,.79,2.3,.3,2.4,,.39,,.6800000000000001,1.9,38.7,.96
3_18_305_0,2011,Total,3,India,18,Assam,305,Nagaon,1.2,,.16,,.52,.76,2.2,.3,3.5,,.65,,.5,1.8,37,.96
3_18_306_0,2011,Total,3,India,18,Assam,306,Sonitpur,.85,,.14,,.6900000000000001,.62,2.2,.38,2.3,,.58,,.65,1.5,37.4,1.2
3_18_307_0,2011,Total,3,India,18,Assam,307,Lakhimpur,.52,,.14,,.53,.4,2.2,.16,1.3,,.6,,.5,.97,36.7,.53
3_18_308_0,2011,Total,3,India,18,Assam,308,Dhemaji,.61,,.2,,.75,.48,2.3,.27,1.4,,.8200000000000001,,.6900000000000001,1.2,38.8,.87
3_18_309_0,2011,Total,3,India,18,Assam,309,Tinsukia,.96,,.14,,.6800000000000001,.59,2.3,.34,1.8,,.6,,.64,1.4,38.8,1.1
3_18_310_0,2011,Total,3,India,18,Assam,310,Dibrugarh,.87,,.16,,.51,.8300000000000001,2.3,.34,2.1,,.67,,.47,2,38.8,1.1
3_18_311_0,2011,Total,3,India,18,Assam,311,Sivasagar,1.1,,.17,,.72,.99,2.3,.33,2.6,,.6900000000000001,,.65,2.4,38.7,1.1
3_18_312_0,2011,Total,3,India,18,Assam,312,Jorhat,.8,,.13,,.49,.73,1.9,.37,2,,.52,,.44,1.8,32,1.2
3_18_313_0,2011,Total,3,India,18,Assam,313,Golaghat,1.1,,.13,,.71,.84,2.1,.18,3,,.54,,.66,2,34.6,.59
3_18_314_0,2011,Total,3,India,18,Assam,314,Karbi Anglong,1.1,,.19,,.62,.73,2.7,.45,3.6,,.79,,.62,1.8,45.8,1.5
3_18_315_0,2011,Total,3,India,18,Assam,315,Dima Hasao,3.1,,.18,,.62,.74,1.8,.34,4.600000000000001,,.75,,.58,1.8,30,1.1
3_18_316_0,2011,Total,3,India,18,Assam,316,Cachar,.9400000000000001,,.12,,.62,.86,2.6,.34,2.4,,.49,,.58,2.1,43,1.1
3_18_317_0,2011,Total,3,India,18,Assam,317,Karimganj,1,,.11,,.44,.98,2,.34,2.6,,.46,,.4,2.3,32.8,1.1
3_18_318_0,2011,Total,3,India,18,Assam,318,Hailakandi,1.1,,.1,,.63,1,2,.34,2.7,,.4,,.5700000000000001,2.4,33.1,1.1
3_18_319_0,2011,Total,3,India,18,Assam,319,Bongaigaon,.75,,.15,,.62,.5,2.3,.37,1.7,,.61,,.61,1.2,38.8,1.2
3_18_320_0,2011,Total,3,India,18,Assam,320,Chirang,.8100000000000001,,.14,,.59,.5600000000000001,2.3,.33,1.8,,.59,,.5700000000000001,1.3,38.8,1.1
3_18_321_0,2011,Total,3,India,18,Assam,321,Kamrup,1.1,,.15,,.63,.79,2.1,.39,2.6,,.62,,.6,1.9,35.8,1.3
3_18_322_0,2011,Total,3,India,18,Assam,322,Kamrup Metropolitan,.9,,.15,,.6800000000000001,.79,2.3,.33,2.2,,.62,,.63,1.9,38.7,1.1
3_18_323_0,2011,Total,3,India,18,Assam,323,Nalbari,.8200000000000001,,.18,,.6,.71,2.3,.31,2,,.74,,.5600000000000001,1.7,39,1
3_18_324_0,2011,Total,3,India,18,Assam,324,Baksa,.8200000000000001,,.18,,.6,.71,2.3,.31,2,,.74,,.5600000000000001,1.7,39,1
3_18_325_0,2011,Total,3,India,18,Assam,325,Darrang,.92,,.15,,.58,.72,2.3,.29,2.2,,.6,,.55,1.7,39.1,.92
3_18_326_0,2011,Total,3,India,18,Assam,326,Udalguri,1,,.15,,.54,.49,2.3,.3,2.2,,.62,,.52,1.2,39.2,.97
3_19_327_0,2011,Total,3,India,19,West Bengal,327,Darjiling,1.4,1.2,.63,.3,.49,.92,6.2,.47,4.100000000000001,1.5,2.6,1.2,.5600000000000001,2.2,104,1.5
3_19_328_0,2011,Total,3,India,19,West Bengal,328,Jalpaiguri,1.8,1.3,.54,.22,.53,.74,6.100000000000001,.67,4.9,1.6,2.2,.89,.51,1.8,102,2.2
3_19_329_0,2011,Total,3,India,19,West Bengal,329,Koch Bihar,2.2,.62,1.4,.08,.67,.75,,.5600000000000001,4.9,.75,5.800000000000001,.32,.64,1.8,,1.8
3_19_330_0,2011,Total,3,India,19,West Bengal,330,Uttar Dinajpur,1.7,1.2,1.4,.21,.84,.9400000000000001,6.300000000000001,.8,3.9,1.5,5.800000000000001,.85,.8200000000000001,2.3,106,2.6
3_19_331_0,2011,Total,3,India,19,West Bengal,331,Dakshin Dinajpur,1.6,1.4,.9500000000000001,,.66,1,,.91,3.6,1.7,3.9,,.64,2.4,,2.9
3_19_332_0,2011,Total,3,India,19,West Bengal,332,Maldah,1.6,.6,.59,,.9,1.2,6.100000000000001,.87,4.100000000000001,.72,2.5,,1,2.9,103,2.8
3_19_333_0,2011,Total,3,India,19,West Bengal,333,Murshidabad,2.6,1.5,1.1,.14,.79,1.2,4.3,.8300000000000001,5.5,1.8,4.600000000000001,.42,.87,2.8,72.40000000000001,2.7
3_19_334_0,2011,Total,3,India,19,West Bengal,334,Birbhum,1.2,1,.35,,.59,1.2,5,.84,3.5,1.3,1.4,,.9400000000000001,2.9,84.40000000000001,2.7
3_19_335_0,2011,Total,3,India,19,West Bengal,335,Barddhaman,1.5,1.5,.54,,.66,1.2,4.7,.73,4.7,1.8,2.2,,.6800000000000001,3,78.40000000000001,2.4
3_19_336_0,2011,Total,3,India,19,West Bengal,336,Nadia,3,1.3,.59,,.78,1.2,5,.76,5.600000000000001,1.6,2.4,,.8300000000000001,2.8,83.90000000000001,2.5
3_19_337_0,2011,Total,3,India,19,West Bengal,337,North Twenty Four Parganas,2.7,1.7,.85,,.8,1.1,4.100000000000001,.77,5.2,2.1,3.5,,.8200000000000001,2.7,68.10000000000001,2.5
3_19_338_0,2011,Total,3,India,19,West Bengal,338,Hugli,2.2,1.4,.53,,.66,1.2,7,.73,7.5,1.7,2.2,,.73,2.9,117,2.4
3_19_339_0,2011,Total,3,India,19,West Bengal,339,Bankura,1.3,1.3,.4,.26,.8200000000000001,1.1,6.600000000000001,.6800000000000001,4.100000000000001,1.5,1.7,1.2,.85,2.7,111,2.2
3_19_340_0,2011,Total,3,India,19,West Bengal,340,Puruliya,.97,1.3,.35,.09,.4,.98,3.6,.54,2.4,1.6,1.5,.34,.39,2.4,60.7,1.8
3_19_341_0,2011,Total,3,India,19,West Bengal,341,Haora,1.1,1.3,.28,,.6,.72,5.2,.48,3.1,1.6,1.2,,.49,1.7,87.80000000000001,1.6
3_19_342_0,2011,Total,3,India,19,West Bengal,342,Kolkata,,,,,,,,,,,,,,,,
3_19_343_0,2011,Total,3,India,19,West Bengal,343,South Twenty Four Parganas,.96,.78,.41,,.66,.9,3.3,.61,2.3,.9500000000000001,1.7,,.5600000000000001,2.2,55.2,2
3_19_344_0,2011,Total,3,India,19,West Bengal,344,Paschim Medinipur,1.3,1.8,.5700000000000001,,.8300000000000001,1.1,6.300000000000001,.6,4.2,2.1,2.4,,.73,2.6,105,1.9
3_19_345_0,2011,Total,3,India,19,West Bengal,345,Purba Medinipur,1,1.2,,,.75,.9400000000000001,5.9,.75,2.5,1.5,,,.62,2.3,99.60000000000001,2.4
3_1_1_0,2011,Total,3,India,1,Jammu and Kashmir,1,Kupwara,,,,,,,,,,,,,,,,
3_1_10_0,2011,Total,3,India,1,Jammu and Kashmir,10,Srinagar,,,,,,,,,,,,,,,,
3_1_11_0,2011,Total,3,India,1,Jammu and Kashmir,11,Ganderbal,,,,,,,,,,,,,,,,
3_1_12_0,2011,Total,3,India,1,Jammu and Kashmir,12,Pulwama,,,,,,,,,,,,,,,,
3_1_13_0,2011,Total,3,India,1,Jammu and Kashmir,13,Shupiyan,,,,,,,,,,,,,,,,
3_1_14_0,2011,Total,3,India,1,Jammu and Kashmir,14,Anantnag,,,,,,,,,,,,,,,,
3_1_15_0,2011,Total,3,India,1,Jammu and Kashmir,15,Kulgam,,,,,,,,,,,,,,,,
3_1_16_0,2011,Total,3,India,1,Jammu and Kashmir,16,Doda,,,,,,,,,,,,,,,,
3_1_17_0,2011,Total,3,India,1,Jammu and Kashmir,17,Ramban,,,,,,,,,,,,,,,,
3_1_18_0,2011,Total,3,India,1,Jammu and Kashmir,18,Kishtwar,,,,,,,,,,,,,,,,
3_1_19_0,2011,Total,3,India,1,Jammu and Kashmir,19,Udhampur,,,,,,,,,,,,,,,,
3_1_2_0,2011,Total,3,India,1,Jammu and Kashmir,2,Badgam,,,,,,,,,,,,,,,,
3_1_20_0,2011,Total,3,India,1,Jammu and Kashmir,20,Reasi,,,,,,,,,,,,,,,,
3_1_21_0,2011,Total,3,India,1,Jammu and Kashmir,21,Jammu,,,,,,,,,,,,,,,,
3_1_22_0,2011,Total,3,India,1,Jammu and Kashmir,22,Samba,,,,,,,,,,,,,,,,
3_1_3_1,2011,Total,3,India,1,India/China  2,3,Leh(Ladakh),,,,,,,,,,,,,,,,
3_1_3_0,2011,Total,3,India,1,Jammu and Kashmir,3,Leh(Ladakh),,,,,,,,,,,,,,,,
3_1_4_0,2011,Total,3,India,1,Jammu and Kashmir,4,Kargil,,,,,,,,,,,,,,,,
3_1_5_0,2011,Total,3,India,1,Jammu and Kashmir,5,Punch,,,,,,,,,,,,,,,,
3_1_6_0,2011,Total,3,India,1,Jammu and Kashmir,6,Rajouri,,,,,,,,,,,,,,,,
3_1_7_0,2011,Total,3,India,1,Jammu and Kashmir,7,Kathua,,,,,,,,,,,,,,,,
3_1_8_0,2011,Total,3,India,1,Jammu and Kashmir,8,Baramula,,,,,,,,,,,,,,,,
3_1_9_0,2011,Total,3,India,1,Jammu and Kashmir,9,Bandipore,,,,,,,,,,,,,,,,
3_20_346_0,2011,Total,3,India,20,Jharkhand,346,Garhwa,,,,,,,,,,,,,,,,
3_20_347_0,2011,Total,3,India,20,Jharkhand,347,Chatra,,,,,,,,,,,,,,,,
3_20_348_0,2011,Total,3,India,20,Jharkhand,348,Kodarma,,,,,,,,,,,,,,,,
3_20_349_0,2011,Total,3,India,20,Jharkhand,349,Giridih,,,,,,,,,,,,,,,,
3_20_350_0,2011,Total,3,India,20,Jharkhand,350,Deoghar,,,,,,,,,,,,,,,,
3_20_351_0,2011,Total,3,India,20,Jharkhand,351,Godda,,,,,,,,,,,,,,,,
3_20_352_0,2011,Total,3,India,20,Jharkhand,352,Sahibganj,,,,,,,,,,,,,,,,
3_20_353_0,2011,Total,3,India,20,Jharkhand,353,Pakur,,,,,,,,,,,,,,,,
3_20_354_0,2011,Total,3,India,20,Jharkhand,354,Dhanbad,,,,,,,,,,,,,,,,
3_20_355_0,2011,Total,3,India,20,Jharkhand,355,Bokaro,,,,,,,,,,,,,,,,
3_20_356_0,2011,Total,3,India,20,Jharkhand,356,Lohardaga,,,,,,,,,,,,,,,,
3_20_357_0,2011,Total,3,India,20,Jharkhand,357,Purbi Singhbhum,,,,,,,,,,,,,,,,
3_20_358_0,2011,Total,3,India,20,Jharkhand,358,Palamu,,,,,,,,,,,,,,,,
3_20_359_0,2011,Total,3,India,20,Jharkhand,359,Latehar,,,,,,,,,,,,,,,,
3_20_360_0,2011,Total,3,India,20,Jharkhand,360,Hazaribagh,,,,,,,,,,,,,,,,
3_20_361_0,2011,Total,3,India,20,Jharkhand,361,Ramgarh,,,,,,,,,,,,,,,,
3_20_362_0,2011,Total,3,India,20,Jharkhand,362,Dumka,,,,,,,,,,,,,,,,
3_20_363_0,2011,Total,3,India,20,Jharkhand,363,Jamtara,,,,,,,,,,,,,,,,
3_20_364_0,2011,Total,3,India,20,Jharkhand,364,Ranchi,,,,,,,,,,,,,,,,
3_20_365_0,2011,Total,3,India,20,Jharkhand,365,Khunti,,,,,,,,,,,,,,,,
3_20_366_0,2011,Total,3,India,20,Jharkhand,366,Gumla,,,,,,,,,,,,,,,,
3_20_367_0,2011,Total,3,India,20,Jharkhand,367,Simdega,,,,,,,,,,,,,,,,
3_20_368_0,2011,Total,3,India,20,Jharkhand,368,Pashchimi Singhbhum,,,,,,,,,,,,,,,,
3_20_369_0,2011,Total,3,India,20,Jharkhand,369,Saraikela-Kharsawan,,,,,,,,,,,,,,,,
3_21_370_0,2011,Total,3,India,21,Odisha,370,Bargarh,.85,.87,.3,.08,.33,.88,4,.44,2,1.1,1.2,.32,.28,2.1,67.5,1.4
3_21_371_0,2011,Total,3,India,21,Odisha,371,Jharsuguda,.5,.73,.22,.2,.46,.49,4.9,.51,1.3,.89,.9300000000000001,.8,.38,1.2,81.30000000000001,1.7
3_21_372_0,2011,Total,3,India,21,Odisha,372,Sambalpur,.72,1.2,.25,.15,.44,.73,3.4,.53,1.8,1.5,1,.62,.37,1.8,56.40000000000001,1.7
3_21_373_0,2011,Total,3,India,21,Odisha,373,Debagarh,.48,.76,.22,,.32,.49,2.9,.43,1.2,.9300000000000001,.89,,.27,1.2,49.1,1.4
3_21_374_0,2011,Total,3,India,21,Odisha,374,Sundargarh,.43,.8300000000000001,.28,.16,.27,.43,3.4,.54,1,1,1.2,.64,.26,1,56.5,1.7
3_21_375_0,2011,Total,3,India,21,Odisha,375,Kendujhar,.5600000000000001,.6800000000000001,.21,,.25,.5700000000000001,2.6,.47,1.4,.8200000000000001,.85,,.22,1.4,43.1,1.5
3_21_376_0,2011,Total,3,India,21,Odisha,376,Mayurbhanj,.61,.84,.23,,.37,.61,.61,.41,1.4,1,.96,,.32,1.5,10.1,1.3
3_21_377_0,2011,Total,3,India,21,Odisha,377,Baleshwar,.62,.71,.24,,.4,.62,2.5,.24,1.5,.87,1,,.34,1.5,42.1,.79
3_21_378_0,2011,Total,3,India,21,Odisha,378,Bhadrak,.77,.6,.64,,.42,.78,3.4,.24,1.9,.72,2.7,,.34,1.9,57,.79
3_21_379_0,2011,Total,3,India,21,Odisha,379,Kendrapara,.61,.85,,,.39,.63,2.4,.29,1.4,1,,,.33,1.5,40.7,.9300000000000001
3_21_380_0,2011,Total,3,India,21,Odisha,380,Jagatsinghapur,.72,1.1,,.25,.43,.8200000000000001,3.2,,1.7,1.4,,1,.35,2,52.90000000000001,
3_21_381_0,2011,Total,3,India,21,Odisha,381,Cuttack,.6900000000000001,.9300000000000001,.46,.15,.41,.72,3,.39,1.9,1.1,1.9,.58,.34,1.7,49.6,1.3
3_21_382_0,2011,Total,3,India,21,Odisha,382,Jajapur,.71,1.2,.32,,.35,.6900000000000001,3,.35,1.7,1.5,1.3,,.3,1.7,50.90000000000001,1.1
3_21_383_0,2011,Total,3,India,21,Odisha,383,Dhenkanal,.67,1,.24,.13,.41,.66,4.100000000000001,.41,1.7,1.2,1,.52,.37,1.6,68.40000000000001,1.3
3_21_384_0,2011,Total,3,India,21,Odisha,384,Anugul,.47,.8,.16,.12,.21,.48,3.3,.44,1.2,.97,.65,.5,.18,1.2,56.1,1.4
3_21_385_0,2011,Total,3,India,21,Odisha,385,Nayagarh,.5700000000000001,.96,.26,.14,.29,.61,3.9,.34,2,1.2,1.1,.58,.23,1.5,65.10000000000001,1.1
3_21_386_0,2011,Total,3,India,21,Odisha,386,Khordha,.6,1.1,.41,.16,.21,.65,3,.26,1.5,1.4,1.7,.64,.17,1.6,49.8,.86
3_21_387_0,2011,Total,3,India,21,Odisha,387,Puri,.59,.88,.24,.19,.32,.59,3.3,.37,1.4,1.1,1,.75,.28,1.4,55.90000000000001,1.2
3_21_388_0,2011,Total,3,India,21,Odisha,388,Ganjam,.6900000000000001,1.1,.35,.24,.27,.77,4.3,,1.8,1.4,1.5,.98,.22,1.9,71.7,
3_21_389_0,2011,Total,3,India,21,Odisha,389,Gajapati,.49,.86,.33,.18,.2,.5600000000000001,3.2,,1.4,1,1.4,.73,.18,1.3,53.7,
3_21_390_0,2011,Total,3,India,21,Odisha,390,Kandhamal,.52,.5600000000000001,.23,.08,.23,.5600000000000001,3.4,.49,1.3,.6800000000000001,.97,.34,.2,1.3,57.7,1.6
3_21_391_0,2011,Total,3,India,21,Odisha,391,Baudh,.61,.59,.21,.21,.26,.64,3.3,.42,1.5,.72,.85,.8300000000000001,.21,1.5,55,1.4
3_21_392_0,2011,Total,3,India,21,Odisha,392,Subarnapur,.87,1.6,.14,.12,.43,.88,3.6,.55,2.1,2,.5600000000000001,.5,.35,2.1,60.5,1.8
3_21_393_0,2011,Total,3,India,21,Odisha,393,Balangir,.58,.79,.17,.11,.26,.61,4.100000000000001,.46,1.5,.96,.6900000000000001,.43,.22,1.5,68.7,1.5
3_21_394_0,2011,Total,3,India,21,Odisha,394,Nuapada,.52,.66,.14,.1,.21,.54,2.9,.36,1.2,.8,.59,.41,.18,1.3,47.90000000000001,1.2
3_21_395_0,2011,Total,3,India,21,Odisha,395,Kalahandi,.5700000000000001,.78,.21,.12,.3,.58,2.9,.35,1.4,.9400000000000001,.87,.49,.24,1.4,49.2,1.1
3_21_396_0,2011,Total,3,India,21,Odisha,396,Rayagada,.5600000000000001,.63,.26,.14,.27,.6900000000000001,1.9,.34,1.4,.77,1.1,.58,.26,1.7,31.9,1.1
3_21_397_0,2011,Total,3,India,21,Odisha,397,Nabarangapur,.55,.55,.64,.1,.49,.53,2.5,.54,1.7,.67,2.7,.42,.45,1.3,42.1,1.8
3_21_398_0,2011,Total,3,India,21,Odisha,398,Koraput,.55,.65,.31,.16,.23,.61,4.4,.49,2,.78,1.3,.65,.22,1.5,73,1.6
3_21_399_0,2011,Total,3,India,21,Odisha,399,Malkangiri,.47,1.6,.26,.16,.23,.49,,,1.1,1.9,1.1,.63,.22,1.2,,
3_22_400_0,2011,Total,3,India,22,Chhattisgarh,400,Koriya,.38,.8300000000000001,.3,.41,.43,.4,.18,.33,.91,1,1.2,1.3,.43,.96,3,1.1
3_22_401_0,2011,Total,3,India,22,Chhattisgarh,401,Surguja,.38,1,.3,.32,.43,.39,.12,.36,.91,1.2,1.2,1,.44,.9500000000000001,1.9,1.2
3_22_402_0,2011,Total,3,India,22,Chhattisgarh,402,Jashpur,.43,1.2,.38,.19,.37,.46,.14,.44,.99,1.5,1.6,.62,.38,1.1,2.3,1.4
3_22_403_0,2011,Total,3,India,22,Chhattisgarh,403,Raigarh,.5,1.3,.34,.31,.3,.49,.14,.4,1.1,1.5,1.4,1,.29,1.2,2.3,1.3
3_22_404_0,2011,Total,3,India,22,Chhattisgarh,404,Korba,.39,.98,.29,.39,.29,.4,.18,.27,.92,1.2,1.2,1.2,.3,.97,3,.87
3_22_405_0,2011,Total,3,India,22,Chhattisgarh,405,Janjgir - Champa,.78,1.2,.36,.32,.41,.8,.15,.42,1.9,1.4,1.5,1,.42,1.9,2.5,1.4
3_22_406_0,2011,Total,3,India,22,Chhattisgarh,406,Bilaspur,.49,1.2,.36,.42,.47,.5,.16,.34,1.2,1.5,1.5,1.3,.8100000000000001,1.2,2.6,1.1
3_22_407_0,2011,Total,3,India,22,Chhattisgarh,407,Kabeerdham,.4,1.3,.26,.38,.44,.39,.1,.25,.87,1.6,1.1,1.2,.77,.9300000000000001,1.7,.8200000000000001
3_22_408_0,2011,Total,3,India,22,Chhattisgarh,408,Rajnandgaon,.33,2.1,.22,.15,.39,.32,.09,.24,.76,2.5,.9300000000000001,.51,.6800000000000001,.78,1.4,.78
3_22_409_0,2011,Total,3,India,22,Chhattisgarh,409,Durg,.37,1.4,.22,.35,.47,.35,.1,.29,.86,1.7,.9300000000000001,1.1,.87,.85,1.7,.9500000000000001
3_22_410_0,2011,Total,3,India,22,Chhattisgarh,410,Raipur,.5600000000000001,1.1,.28,.18,.38,.5700000000000001,.13,.37,1.3,1.3,1.2,.61,.54,1.4,2.2,1.2
3_22_411_0,2011,Total,3,India,22,Chhattisgarh,411,Mahasamund,.47,1,.26,.45,.31,.46,.14,.4,1.1,1.2,1.1,1.4,.3,1.1,2.3,1.3
3_22_412_0,2011,Total,3,India,22,Chhattisgarh,412,Dhamtari,.6900000000000001,1.1,.48,.21,.45,.74,.15,.41,1.6,1.3,2,.71,.79,1.8,2.5,1.3
3_22_413_0,2011,Total,3,India,22,Chhattisgarh,413,Uttar Bastar Kanker,.51,1.5,.45,.16,.37,.53,,.41,1.2,1.8,1.9,.5600000000000001,.37,1.3,,1.3
3_22_414_0,2011,Total,3,India,22,Chhattisgarh,414,Bastar,.45,1.3,.43,.12,.38,.48,.15,.61,1.1,1.6,1.8,.41,.4,1.2,2.6,2
3_22_415_0,2011,Total,3,India,22,Chhattisgarh,415,Narayanpur,.45,1.3,.43,.12,.38,.48,.15,.61,1.1,1.6,1.8,.41,.4,1.2,2.6,2
3_22_416_0,2011,Total,3,India,22,Chhattisgarh,416,Dakshin Bastar Dantewada,.38,1.1,.3,.12,.35,.38,.17,.45,.9300000000000001,1.3,1.3,.39,.32,.92,2.8,1.5
3_22_417_0,2011,Total,3,India,22,Chhattisgarh,417,Bijapur,.38,1.1,.3,.12,.35,.38,.17,.45,.9300000000000001,1.3,1.3,.39,.32,.92,2.8,1.5
3_23_418_0,2011,Total,3,India,23,Madhya Pradesh,418,Sheopur,.63,.85,.22,.37,.72,1,3,.72,1.5,1,.9,1.5,1.2,2.4,51.1,2.3
3_23_419_0,2011,Total,3,India,23,Madhya Pradesh,419,Morena,.61,.75,.24,.37,.63,.87,2.4,.71,1.7,.91,1,1.6,.9400000000000001,2.1,40.3,2.3
3_23_420_0,2011,Total,3,India,23,Madhya Pradesh,420,Bhind,.61,,.24,.26,.58,.72,1.1,.65,1.5,,1,1.1,.98,1.7,19,2.1
3_23_421_0,2011,Total,3,India,23,Madhya Pradesh,421,Gwalior,.74,.64,.38,.5600000000000001,.71,1.1,2.3,.79,2.2,.78,1.6,2.2,1.2,2.6,38,2.6
3_23_422_0,2011,Total,3,India,23,Madhya Pradesh,422,Datia,.6,.79,.27,.32,.63,.52,2.2,.6,1.9,.96,1.1,1.1,.9400000000000001,1.3,36.7,2
3_23_423_0,2011,Total,3,India,23,Madhya Pradesh,423,Shivpuri,.62,1.2,.37,.34,.53,.47,1.3,.6,1.3,1.4,1.5,1.4,.88,1.1,22,2
3_23_424_0,2011,Total,3,India,23,Madhya Pradesh,424,Tikamgarh,.54,.98,.22,.43,.53,.24,2.9,.6,1.2,1.2,.9,1.3,.72,.5700000000000001,48.3,1.9
3_23_425_0,2011,Total,3,India,23,Madhya Pradesh,425,Chhatarpur,.41,.54,.16,.3,.39,.27,1.4,.47,.88,.66,.6800000000000001,.9300000000000001,.64,.66,23.5,1.5
3_23_426_0,2011,Total,3,India,23,Madhya Pradesh,426,Panna,.47,.63,.21,.45,.52,.32,1.3,.45,1,.77,.89,1.4,.89,.78,22.5,1.5
3_23_427_0,2011,Total,3,India,23,Madhya Pradesh,427,Sagar,.48,.66,.27,.38,.49,.22,1.4,.39,.96,.8,1.1,1.2,.8100000000000001,.53,23.9,1.3
3_23_428_0,2011,Total,3,India,23,Madhya Pradesh,428,Damoh,.5600000000000001,.6900000000000001,.44,.53,.58,.32,1.7,.61,1.2,.84,1.8,1.6,1,.77,28.3,2
3_23_429_0,2011,Total,3,India,23,Madhya Pradesh,429,Satna,.32,.77,.19,.27,.32,.27,1.6,.33,.77,.9300000000000001,.77,.8300000000000001,.49,.65,26.9,1.1
3_23_430_0,2011,Total,3,India,23,Madhya Pradesh,430,Rewa,.38,,.2,.26,.44,.41,1.8,.33,.9400000000000001,,.85,.8100000000000001,.71,.98,30.4,1.1
3_23_431_0,2011,Total,3,India,23,Madhya Pradesh,431,Umaria,.27,.63,.15,.32,.35,.28,,.27,.64,.76,.6,1,.4,.67,,.88
3_23_432_0,2011,Total,3,India,23,Madhya Pradesh,432,Neemuch,.75,.92,.43,.29,.61,.21,1.8,.72,1.4,1.1,1.8,.89,1,.51,30,2.3
3_23_433_0,2011,Total,3,India,23,Madhya Pradesh,433,Mandsaur,.61,.73,.34,.24,.52,,1.8,.78,1.1,.89,1.4,.74,.85,,30,2.5
3_23_434_0,2011,Total,3,India,23,Madhya Pradesh,434,Ratlam,.84,.92,.48,.65,.62,.3,3.5,.96,1.6,1.1,2,2,1,.72,58.2,3.1
3_23_435_0,2011,Total,3,India,23,Madhya Pradesh,435,Ujjain,.76,1.2,.27,.28,.74,.21,1.4,.58,1.4,1.4,1.1,.86,1.2,.5,24,1.9
3_23_436_0,2011,Total,3,India,23,Madhya Pradesh,436,Shajapur,.58,.75,.21,.54,.5600000000000001,.18,1.8,.63,1.2,.91,.88,1.7,.9500000000000001,.44,29.7,2
3_23_437_0,2011,Total,3,India,23,Madhya Pradesh,437,Dewas,.73,.9400000000000001,.34,.49,.7000000000000001,.28,1.3,.64,1.5,1.1,1.4,1.5,1.2,.6800000000000001,22.6,2.1
3_23_438_0,2011,Total,3,India,23,Madhya Pradesh,438,Dhar,.66,.77,.3,.27,.78,.25,1.2,.65,1.4,.9400000000000001,1.2,.85,1.3,.61,19.3,2.1
3_23_439_0,2011,Total,3,India,23,Madhya Pradesh,439,Indore,.88,.88,.31,.48,.8100000000000001,.26,1.7,.72,2,1.1,1.3,1.5,1.4,.64,27.9,2.3
3_23_440_0,2011,Total,3,India,23,Madhya Pradesh,440,Khargone (West Nimar),.46,.72,.25,.4,.39,.27,2,.72,.8100000000000001,.87,1.1,1.2,.5700000000000001,.66,33.8,2.3
3_23_441_0,2011,Total,3,India,23,Madhya Pradesh,441,Barwani,.39,.5600000000000001,.26,.39,.28,.14,1.7,.76,.98,.6900000000000001,1.1,1.2,.41,.35,28.5,2.5
3_23_442_0,2011,Total,3,India,23,Madhya Pradesh,442,Rajgarh,.58,.75,.29,.42,.62,.26,1.7,.47,1.2,.91,1.2,1.3,1,.62,28.9,1.5
3_23_443_0,2011,Total,3,India,23,Madhya Pradesh,443,Vidisha,.5600000000000001,1.1,.34,.48,.59,.34,1.1,.46,1.1,1.3,1.4,1.5,1,.8200000000000001,19.2,1.5
3_23_444_0,2011,Total,3,India,23,Madhya Pradesh,444,Bhopal,.6800000000000001,.97,.28,.47,.72,.29,1.3,.58,1.5,1.2,1.2,1.5,1.2,.7000000000000001,21.4,1.9
3_23_445_0,2011,Total,3,India,23,Madhya Pradesh,445,Sehore,.64,.72,.27,.6,.7000000000000001,.31,2.6,.46,1.4,.88,1.1,1.8,1.2,.75,43.40000000000001,1.5
3_23_446_0,2011,Total,3,India,23,Madhya Pradesh,446,Raisen,.5700000000000001,.9400000000000001,.33,.75,.61,.4,.97,.49,1.2,1.1,1.4,2.3,1,.9500000000000001,16.3,1.6
3_23_447_0,2011,Total,3,India,23,Madhya Pradesh,447,Betul,.5600000000000001,.88,.34,.35,.64,.44,2.7,.49,1.6,1.1,1.4,1.1,.99,1.1,44.90000000000001,1.6
3_23_448_0,2011,Total,3,India,23,Madhya Pradesh,448,Harda,.87,,.36,.52,.8100000000000001,.78,1.6,.98,2,,1.5,1.6,1.4,1.9,26.5,3.2
3_23_449_0,2011,Total,3,India,23,Madhya Pradesh,449,Hoshangabad,.7000000000000001,.71,.32,.41,.5600000000000001,.61,2,.86,1.8,.86,1.3,1.3,.92,1.5,33.2,2.8
3_23_450_0,2011,Total,3,India,23,Madhya Pradesh,450,Katni,.39,.64,.26,.29,.41,.4,.98,.35,.9500000000000001,.78,1.1,.89,.59,.96,16.5,1.1
3_23_451_0,2011,Total,3,India,23,Madhya Pradesh,451,Jabalpur,.51,1.1,.31,.54,.54,.34,1.7,.5700000000000001,1.1,1.3,1.3,1.7,.74,.8200000000000001,27.8,1.9
3_23_452_0,2011,Total,3,India,23,Madhya Pradesh,452,Narsimhapur,.89,1.8,.39,.6800000000000001,.75,.39,3,.9400000000000001,3.9,2.2,1.6,2.1,1.2,.9300000000000001,50.1,3
3_23_453_0,2011,Total,3,India,23,Madhya Pradesh,453,Dindori,.26,.8200000000000001,.22,.33,.29,.32,,.2,.58,1,.91,1,.34,.78,,.63
3_23_454_0,2011,Total,3,India,23,Madhya Pradesh,454,Mandla,.31,.62,.28,.32,.39,.27,1.4,.28,.8300000000000001,.75,1.2,.98,.43,.66,24.1,.9
3_23_455_0,2011,Total,3,India,23,Madhya Pradesh,455,Chhindwara,.75,1.1,.53,.36,.77,.31,3.9,.65,2.3,1.3,2.2,1.1,1.2,.75,65.2,2.1
3_23_456_0,2011,Total,3,India,23,Madhya Pradesh,456,Seoni,.45,.88,.27,.31,.55,.42,1.8,.27,1,1.1,1.1,.9400000000000001,.87,1,30.4,.87
3_23_457_0,2011,Total,3,India,23,Madhya Pradesh,457,Balaghat,.45,.8200000000000001,.32,.16,.47,.46,3,.25,1.2,.99,1.3,.55,.64,1.1,50,.8100000000000001
3_23_458_0,2011,Total,3,India,23,Madhya Pradesh,458,Guna,.5700000000000001,1.1,.28,.26,.62,.26,1.3,.52,1.2,1.4,1.2,.79,1.1,.63,21.5,1.7
3_23_459_0,2011,Total,3,India,23,Madhya Pradesh,459,Ashoknagar,.5700000000000001,1.1,.28,.26,.62,.26,1.3,.52,1.2,1.4,1.2,.79,1.1,.63,21.5,1.7
3_23_460_0,2011,Total,3,India,23,Madhya Pradesh,460,Shahdol,.34,.6900000000000001,.23,.33,.44,.36,1.8,.28,.8200000000000001,.84,.96,1,.48,.86,29.4,.9
3_23_461_0,2011,Total,3,India,23,Madhya Pradesh,461,Anuppur,.34,.6900000000000001,.23,.33,.44,.36,1.8,.28,.8200000000000001,.84,.96,1,.48,.86,29.4,.9
3_23_462_0,2011,Total,3,India,23,Madhya Pradesh,462,Sidhi,.31,.41,.27,.29,.37,.29,1.4,.27,.73,.5,1.1,.89,.48,.7000000000000001,24,.87
3_23_463_0,2011,Total,3,India,23,Madhya Pradesh,463,Singrauli,.31,.41,.27,.29,.37,.29,1.4,.27,.73,.5,1.1,.89,.48,.7000000000000001,24,.87
3_23_464_0,2011,Total,3,India,23,Madhya Pradesh,464,Jhabua,.38,.8300000000000001,.29,.33,.44,.23,1.8,.55,.92,1,1.2,1,.67,.55,30,1.8
3_23_465_0,2011,Total,3,India,23,Madhya Pradesh,465,Alirajpur,.38,.8300000000000001,.29,.33,.44,.23,1.8,.55,.92,1,1.2,1,.67,.55,30,1.8
3_23_466_0,2011,Total,3,India,23,Madhya Pradesh,466,Khandwa (East Nimar),.6,.96,.41,.4,.5,.43,2.9,.55,1.4,1.2,1.7,1.2,.78,1,49,1.8
3_23_467_0,2011,Total,3,India,23,Madhya Pradesh,467,Burhanpur,.6,.96,.41,.4,.5,.43,2.9,.55,1.4,1.2,1.7,1.2,.78,1,49,1.8
3_24_468_0,2011,Total,3,India,24,Gujarat,468,Kachchh,2,1.3,,.21,.52,,.42,.86,1.8,1.6,,.92,.42,,7,2.8
3_24_469_0,2011,Total,3,India,24,Gujarat,469,Banas Kantha,1.1,1.4,.41,.22,.58,,,.76,2.4,1.6,1.7,.9500000000000001,.51,,,2.5
3_24_470_0,2011,Total,3,India,24,Gujarat,470,Patan,1.3,.8200000000000001,,.17,.44,,,.88,1.4,1,,.73,.42,,,2.9
3_24_471_0,2011,Total,3,India,24,Gujarat,471,Mahesana,1.7,1,.31,.36,.6,.9500000000000001,,.8100000000000001,2.3,1.2,1.3,1.6,.53,2.3,,2.6
3_24_472_0,2011,Total,3,India,24,Gujarat,472,Sabar Kantha,1.7,.9,.3,.42,.65,.86,,.66,2,1.1,1.2,1.9,.66,2.1,,2.1
3_24_473_0,2011,Total,3,India,24,Gujarat,473,Gandhinagar,2.3,1.1,.31,.41,.72,.87,,.85,3.1,1.3,1.3,1.8,.64,2.1,,2.7
3_24_474_0,2011,Total,3,India,24,Gujarat,474,Ahmadabad,1.5,1.2,.24,.34,.48,.9,.27,.54,1.6,1.4,1,1.4,.62,2.2,4.5,1.7
3_24_475_0,2011,Total,3,India,24,Gujarat,475,Surendranagar,2.6,1.3,,.27,.4,.44,.39,.74,1.8,1.5,,1.1,.64,1.1,6.5,2.4
3_24_476_0,2011,Total,3,India,24,Gujarat,476,Rajkot,3.2,.52,.28,.26,.66,,.46,1.1,2.4,.63,1.2,1.1,.96,,7.800000000000001,3.4
3_24_477_0,2011,Total,3,India,24,Gujarat,477,Jamnagar,2.8,1.4,.3,.34,.6900000000000001,,.41,1,2.5,1.7,1.2,1.5,1.3,,6.800000000000001,3.3
3_24_478_0,2011,Total,3,India,24,Gujarat,478,Porbandar,1.9,1.8,.24,.25,.58,,,.8300000000000001,2.3,2.2,1,.8,1.2,,,2.7
3_24_479_0,2011,Total,3,India,24,Gujarat,479,Junagadh,1.7,1.2,,.5,.67,,.4,.97,2.4,1.4,,2.1,1.1,,6.7,3.1
3_24_480_0,2011,Total,3,India,24,Gujarat,480,Amreli,2.6,.28,.28,.32,.63,,.42,.89,1.8,.34,1.2,1.4,.87,,7,2.9
3_24_481_0,2011,Total,3,India,24,Gujarat,481,Bhavnagar,3.7,.77,.26,.44,.5700000000000001,,.46,.8,3.5,.9400000000000001,1.1,1.8,.64,,7.800000000000001,2.6
3_24_482_0,2011,Total,3,India,24,Gujarat,482,Anand,.87,1.6,.3,.45,.45,.9400000000000001,,.6900000000000001,2.4,2,1.2,2,.65,2.3,,2.2
3_24_483_0,2011,Total,3,India,24,Gujarat,483,Kheda,1.2,1.1,.3,.32,.64,.92,,.6900000000000001,2.3,1.3,1.2,1.4,.67,2.2,,2.2
3_24_484_0,2011,Total,3,India,24,Gujarat,484,Panch Mahals,.55,1.4,.23,.28,.98,.26,.3,.43,1.1,1.7,.97,1.2,1,.62,5,1.4
3_24_485_0,2011,Total,3,India,24,Gujarat,485,Dohad,.38,1.1,.27,.32,.51,.2,,.54,1.1,1.3,1.1,1,.75,.49,,1.8
3_24_486_0,2011,Total,3,India,24,Gujarat,486,Vadodara,2.7,1.4,.43,.34,1,.42,.42,.74,2.2,1.7,1.8,1.4,1,1,7.100000000000001,2.4
3_24_487_0,2011,Total,3,India,24,Gujarat,487,Narmada,2,1.5,.29,.48,1,.3,.41,.8100000000000001,1.8,1.8,1.2,1.5,.99,.73,6.9,2.6
3_24_488_0,2011,Total,3,India,24,Gujarat,488,Bharuch,1.7,1.2,.28,.33,.6900000000000001,.7000000000000001,.43,.45,1.7,1.5,1.2,1,.6800000000000001,1.7,7.2,1.5
3_24_489_0,2011,Total,3,India,24,Gujarat,489,The Dangs,.67,1,.29,.31,.75,.49,.51,.8,1.4,1.2,1.2,1.1,.8200000000000001,1.2,8.5,2.6
3_24_490_0,2011,Total,3,India,24,Gujarat,490,Navsari,.8,.99,,.33,.65,1,.41,.74,3.5,1.2,,1.1,.79,2.5,6.9,2.4
3_24_491_0,2011,Total,3,India,24,Gujarat,491,Valsad,.6800000000000001,1,,.2,.51,.85,.41,.77,2.1,1.3,,.8100000000000001,.65,2,7,2.5
3_24_492_0,2011,Total,3,India,24,Gujarat,492,Surat,.73,1.1,.29,.41,1.2,.99,.42,.76,4.3,1.3,1.2,1.3,1.1,2.4,7,2.5
3_24_493_0,2011,Total,3,India,24,Gujarat,493,Tapi,.73,1.1,.29,.41,1.2,.99,.42,.76,4.3,1.3,1.2,1.3,1.1,2.4,7,2.5
3_25_494_0,2011,Total,3,India,25,Daman & Diu,494,Diu,,,,,,,,,,,,,,,,
3_25_495_0,2011,Total,3,India,25,Daman & Diu,495,Daman,,,,,,,,,,,,,,,,
3_26_496_0,2011,Total,3,India,26,Dadra & Nagar Haveli,496,Dadra & Nagar Haveli,,,,,,,,,,,,,,,,
3_27_497_0,2011,Total,3,India,27,Maharashtra,497,Nandurbar,1.2,.5,.51,.39,.6,.37,4.3,.71,5,.61,2.1,1.3,.8300000000000001,.89,72.5,2.3
3_27_498_0,2011,Total,3,India,27,Maharashtra,498,Dhule,.86,.46,.45,.19,.45,.22,3.6,.59,2.3,.5600000000000001,1.9,.73,.63,.52,60.6,1.9
3_27_499_0,2011,Total,3,India,27,Maharashtra,499,Jalgaon,1.8,.76,.58,.5,.62,.21,4,.65,2.8,.9300000000000001,2.4,1.6,.8300000000000001,.5,66.8,2.1
3_27_500_0,2011,Total,3,India,27,Maharashtra,500,Buldana,1.1,.21,.61,.51,.42,,3.5,.54,1.4,.25,2.5,1.6,.59,,59.2,1.8
3_27_501_0,2011,Total,3,India,27,Maharashtra,501,Akola,1.2,,.6,.61,.41,,3.4,.62,1.1,,2.5,1.9,.59,,56.2,2
3_27_502_0,2011,Total,3,India,27,Maharashtra,502,Washim,.51,,.6,.48,.34,.62,4.100000000000001,.5,.67,,2.5,1.5,.49,1.5,68,1.6
3_27_503_0,2011,Total,3,India,27,Maharashtra,503,Amravati,.9,.39,.63,.32,.46,.38,3.4,.52,.97,.48,2.6,1,.65,.91,56.90000000000001,1.7
3_27_504_0,2011,Total,3,India,27,Maharashtra,504,Wardha,.88,.51,.48,.14,.39,,3.1,.42,1.1,.63,2,.42,.5600000000000001,,52.40000000000001,1.3
3_27_505_0,2011,Total,3,India,27,Maharashtra,505,Nagpur,.66,.59,.39,.24,.51,.44,3.7,.39,.9300000000000001,.72,1.6,.75,.78,1.1,61.8,1.3
3_27_506_0,2011,Total,3,India,27,Maharashtra,506,Bhandara,.41,,,,.54,.36,2.7,.3,1.5,,,,.74,.86,45.90000000000001,.98
3_27_507_0,2011,Total,3,India,27,Maharashtra,507,Gondiya,.38,,.48,,.53,.37,3.2,.22,1,,2,,.6,.89,54,.71
3_27_508_0,2011,Total,3,India,27,Maharashtra,508,Gadchiroli,.35,,.43,.2,.44,.33,,.26,.78,,1.8,.62,.5700000000000001,.79,,.85
3_27_509_0,2011,Total,3,India,27,Maharashtra,509,Chandrapur,.6,,.48,.17,.38,.31,,.25,.72,,2,.51,.55,.75,,.79
3_27_510_0,2011,Total,3,India,27,Maharashtra,510,Yavatmal,1.3,.8200000000000001,.59,.24,.33,.3,3.5,.34,1.4,1,2.4,.75,.44,.71,59.2,1.1
3_27_511_0,2011,Total,3,India,27,Maharashtra,511,Nanded,.74,.32,.2,.27,.39,.17,3.3,.37,2.3,.39,.8300000000000001,.8200000000000001,.54,.42,55,1.2
3_27_512_0,2011,Total,3,India,27,Maharashtra,512,Hingoli,1.1,,.21,.36,.47,.17,2.7,.41,2.3,,.86,1.1,.6900000000000001,.41,44.6,1.3
3_27_513_0,2011,Total,3,India,27,Maharashtra,513,Parbhani,1.2,,.2,.28,.47,.14,4.600000000000001,.46,2.7,,.84,.88,.62,.34,76.80000000000001,1.5
3_27_514_0,2011,Total,3,India,27,Maharashtra,514,Jalna,1.7,.55,.45,.3,.52,,4.800000000000001,.55,4.800000000000001,.67,1.9,.99,.66,,79.7,1.8
3_27_515_0,2011,Total,3,India,27,Maharashtra,515,Aurangabad,1.3,.73,.65,.25,.55,,4.7,.5700000000000001,3.6,.89,2.7,.9,.77,,78.2,1.8
3_27_516_0,2011,Total,3,India,27,Maharashtra,516,Nashik,.8100000000000001,.6800000000000001,.61,.19,.59,.35,4.3,.5,6.5,.8200000000000001,2.5,.84,.88,.85,71.5,1.6
3_27_517_0,2011,Total,3,India,27,Maharashtra,517,Thane,.78,.66,.72,.18,.58,.88,,.31,1.8,.8,3,.72,.67,2.1,,1
3_27_518_0,2011,Total,3,India,27,Maharashtra,518,Mumbai Suburban,,,,,,,,,,,,,,,,
3_27_519_0,2011,Total,3,India,27,Maharashtra,519,Mumbai,,,,,,,,,,,,,,,,
3_27_520_0,2011,Total,3,India,27,Maharashtra,520,Raigarh,1,.8200000000000001,.72,.21,.49,1.1,,,2.4,1,3,.84,.65,2.6,,
3_27_521_0,2011,Total,3,India,27,Maharashtra,521,Pune,1.2,.75,.61,.22,.44,.42,5.7,.52,15.9,.91,2.5,.7000000000000001,.79,1,96.30000000000001,1.7
3_27_522_0,2011,Total,3,India,27,Maharashtra,522,Ahmadnagar,.8300000000000001,.65,.6900000000000001,.2,.43,.3,4.5,.5,8,.79,2.9,.66,.74,.71,75.90000000000001,1.6
3_27_523_0,2011,Total,3,India,27,Maharashtra,523,Bid,1,.48,.24,.23,.33,.16,5.2,.4,6.9,.58,.99,.8100000000000001,.47,.38,86.40000000000001,1.3
3_27_524_0,2011,Total,3,India,27,Maharashtra,524,Latur,.7000000000000001,.34,.22,.28,.49,.16,3.7,.35,5.9,.41,.91,.87,.65,.38,61.7,1.1
3_27_525_0,2011,Total,3,India,27,Maharashtra,525,Osmanabad,.6,.42,.24,.24,.42,.21,4.4,.32,5.7,.51,.98,.75,.5700000000000001,.5,73,1
3_27_526_0,2011,Total,3,India,27,Maharashtra,526,Solapur,1.1,.5,.62,.19,.37,.05,5.2,.41,15,.61,2.6,.6,.64,.12,87.40000000000001,1.3
3_27_527_0,2011,Total,3,India,27,Maharashtra,527,Satara,1.2,1.1,.5600000000000001,.29,.8300000000000001,.77,5.100000000000001,.52,13.1,1.4,2.3,.9300000000000001,1.3,1.9,85.40000000000001,1.7
3_27_528_0,2011,Total,3,India,27,Maharashtra,528,Ratnagiri,.92,.62,.72,.32,.67,1.1,,,2.3,.75,3,1.3,.63,2.6,,
3_27_529_0,2011,Total,3,India,27,Maharashtra,529,Sindhudurg,1.1,.6900000000000001,.72,.29,.8300000000000001,1.1,,,2.6,.8300000000000001,3,1.2,.76,2.7,,
3_27_530_0,2011,Total,3,India,27,Maharashtra,530,Kolhapur,2.4,1.2,.6,.45,1.1,1.1,5,.74,30.1,1.4,2.5,1.6,1.8,2.5,84.40000000000001,2.4
3_27_531_0,2011,Total,3,India,27,Maharashtra,531,Sangli,1.2,.74,.5700000000000001,.19,.8300000000000001,.8200000000000001,5.300000000000001,.54,14.3,.89,2.4,.6,1.3,2,88.5,1.7
3_28_532_0,2011,Total,3,India,28,Andhra Pradesh,532,Adilabad,2.1,1.2,.98,.4,.5700000000000001,.98,5.100000000000001,.38,1.8,1.4,4.100000000000001,1.2,.8100000000000001,2.4,85,1.2
3_28_533_0,2011,Total,3,India,28,Andhra Pradesh,533,Nizamabad,1.9,1.5,1,.24,.8300000000000001,1.4,4.4,.37,4.3,1.9,4.2,.8100000000000001,1.3,3.4,73.60000000000001,1.2
3_28_534_0,2011,Total,3,India,28,Andhra Pradesh,534,Karimnagar,2.6,1.4,.99,.2,.5600000000000001,1.4,5.5,.35,3.3,1.7,4.100000000000001,.6900000000000001,.59,3.4,92.5,1.1
3_28_535_0,2011,Total,3,India,28,Andhra Pradesh,535,Medak,1.2,1.5,.4,.31,.38,1.2,4.800000000000001,.33,5.300000000000001,1.8,1.7,.97,.54,2.9,81.2,1.1
3_28_536_0,2011,Total,3,India,28,Andhra Pradesh,536,Hyderabad,,,,,,,,,,,,,,,,
3_28_537_0,2011,Total,3,India,28,Andhra Pradesh,537,Rangareddy,1.3,1.4,.55,.41,.47,1.1,4.7,.23,2.4,1.7,2.3,1.3,.54,2.7,78.60000000000001,.74
3_28_538_0,2011,Total,3,India,28,Andhra Pradesh,538,Mahbubnagar,.91,1.4,.32,.23,.33,1.1,5.100000000000001,.34,1.4,1.8,1.3,.74,.45,2.7,85.5,1.1
3_28_539_0,2011,Total,3,India,28,Andhra Pradesh,539,Nalgonda,1.7,.97,.45,.18,.5,1.4,4.9,,2.4,1.2,1.9,.59,.46,3.3,81.90000000000001,
3_28_540_0,2011,Total,3,India,28,Andhra Pradesh,540,Warangal,2.8,1.3,.89,.24,.5600000000000001,1.2,,,2.7,1.6,3.7,.75,.5,2.8,,
3_28_541_0,2011,Total,3,India,28,Andhra Pradesh,541,Khammam,2.6,1.2,1.4,.27,.58,1.3,5.600000000000001,,3.3,1.5,5.7,.8200000000000001,.52,3,94.40000000000001,
3_28_542_0,2011,Total,3,India,28,Andhra Pradesh,542,Srikakulam,.99,.92,1.4,.34,.53,.85,4.5,,3.1,1.1,5.800000000000001,1.4,.48,2.1,74.8,
3_28_543_0,2011,Total,3,India,28,Andhra Pradesh,543,Vizianagaram,1.2,.86,.88,.31,.48,.96,3.1,,4.9,1,3.6,1.2,.44,2.3,51.90000000000001,
3_28_544_0,2011,Total,3,India,28,Andhra Pradesh,544,Visakhapatnam,1.1,1.1,.71,.24,.53,.6,3,,10.8,1.4,2.9,.98,.5700000000000001,1.4,50.6,
3_28_545_0,2011,Total,3,India,28,Andhra Pradesh,545,East Godavari,1.5,1.8,1.7,.35,.26,1.5,5.4,,5.800000000000001,2.2,6.9,1.2,.24,3.6,89.90000000000001,
3_28_546_0,2011,Total,3,India,28,Andhra Pradesh,546,West Godavari,1.7,1.6,1.8,1.1,.33,1.4,6,,8.200000000000001,2,7.4,3.5,.31,3.5,101,
3_28_547_0,2011,Total,3,India,28,Andhra Pradesh,547,Krishna,2,1.9,1.9,1,1.1,1.5,5.5,,4.800000000000001,2.3,7.800000000000001,3.2,1,3.6,93,
3_28_548_0,2011,Total,3,India,28,Andhra Pradesh,548,Guntur,3.3,2.1,2.2,2,.75,1.4,5,,4.100000000000001,2.5,9,6.300000000000001,.8300000000000001,3.5,84.2,
3_28_549_0,2011,Total,3,India,28,Andhra Pradesh,549,Prakasam,1.4,1.9,1.6,.51,.66,1.5,4.600000000000001,,2.2,2.3,6.5,1.9,1.2,3.7,77.80000000000001,
3_28_550_0,2011,Total,3,India,28,Andhra Pradesh,550,Sri Potti Sriramulu Nellore,1.6,2.4,1.7,.52,.59,1.6,5.5,,4.9,2.9,7.100000000000001,2.2,.74,3.8,92.80000000000001,
3_28_551_0,2011,Total,3,India,28,Andhra Pradesh,551,Y.S.R.,.85,.49,1.7,.47,.32,1,5,.27,1.4,.59,6.9,1.6,.63,2.4,83.5,.89
3_28_552_0,2011,Total,3,India,28,Andhra Pradesh,552,Kurnool,.9300000000000001,.5600000000000001,1.2,.65,.66,1.4,5.100000000000001,.16,1.9,.6900000000000001,5,2,1.3,3.3,85.7,.51
3_28_553_0,2011,Total,3,India,28,Andhra Pradesh,553,Anantapur,.29,.14,1.4,.24,.47,1.2,5.5,.28,.64,.17,5.600000000000001,.79,.88,2.9,91.7,.92
3_28_554_0,2011,Total,3,India,28,Andhra Pradesh,554,Chittoor,1.2,.66,1.4,.28,.35,1.3,5.100000000000001,,9.5,.8,5.800000000000001,1.1,.33,3,85,
3_29_555_0,2011,Total,3,India,29,Karnataka,555,Belgaum,.86,.49,.6,.32,.29,.51,5.100000000000001,.33,7,.6,2.5,1,.45,1.2,85,1.1
3_29_556_0,2011,Total,3,India,29,Karnataka,556,Bagalkot,.8300000000000001,.77,.71,.33,.19,1.2,6.2,.44,7.4,.9400000000000001,2.9,1,.3,2.9,104,1.4
3_29_557_0,2011,Total,3,India,29,Karnataka,557,Bijapur,.35,.42,.46,.27,.3,1.2,3.2,.27,1.5,.51,1.9,.85,.42,2.9,53.40000000000001,.89
3_29_558_0,2011,Total,3,India,29,Karnataka,558,Bidar,.64,.51,.28,.31,.35,.31,3.4,.39,2.6,.61,1.2,.97,.38,.75,56.90000000000001,1.3
3_29_559_0,2011,Total,3,India,29,Karnataka,559,Raichur,.73,.58,.5700000000000001,.32,.19,1.2,,.15,1.4,.71,2.4,1.1,.32,3,,.49
3_29_560_0,2011,Total,3,India,29,Karnataka,560,Koppal,.49,.47,.48,.15,.25,1.4,5.2,.14,1.1,.5700000000000001,2,.53,.3,3.4,86.5,.47
3_29_561_0,2011,Total,3,India,29,Karnataka,561,Gadag,.66,.31,.5,.26,.18,.6800000000000001,5.2,.18,1.1,.38,2.1,.8200000000000001,.22,1.6,86.40000000000001,.58
3_29_562_0,2011,Total,3,India,29,Karnataka,562,Dharwad,.91,.5700000000000001,.5600000000000001,.24,.37,.41,3.7,.27,1.4,.7000000000000001,2.3,.73,.55,1,61.8,.86
3_29_563_0,2011,Total,3,India,29,Karnataka,563,Uttara Kannada,2.3,1.2,.9500000000000001,.34,.29,.72,5.2,,2.7,1.5,3.9,1.1,.31,1.7,86.5,
3_29_564_0,2011,Total,3,India,29,Karnataka,564,Haveri,1.2,.54,.5700000000000001,.29,.3,.54,2.9,.2,1.8,.65,2.3,.91,.39,1.3,49.40000000000001,.66
3_29_565_0,2011,Total,3,India,29,Karnataka,565,Bellary,.77,.27,.5600000000000001,.31,.33,1.4,7.7,.32,1.9,.33,2.3,1,.54,3.4,129,1
3_29_566_0,2011,Total,3,India,29,Karnataka,566,Chitradurga,.67,.3,.36,.28,.5,.85,,.58,1.1,.37,1.5,1,.54,2,,1.9
3_29_567_0,2011,Total,3,India,29,Karnataka,567,Davanagere,1.4,.7000000000000001,.67,.49,.64,1.4,6.300000000000001,.28,3.1,.86,2.8,1.6,.67,3.4,106,.89
3_29_568_0,2011,Total,3,India,29,Karnataka,568,Shimoga,3.4,.92,.79,.38,.4,1,6,,3.9,1.1,3.3,1.4,.39,2.4,99.80000000000001,
3_29_569_0,2011,Total,3,India,29,Karnataka,569,Udupi,1.9,1.7,.73,,.42,.97,5.2,,2.5,2.1,3,,.43,2.3,86.40000000000001,
3_29_570_0,2011,Total,3,India,29,Karnataka,570,Chikmagalur,1.7,.8,.64,.39,.44,1,3.4,.33,2.2,.97,2.7,1.5,.5600000000000001,2.5,57,1.1
3_29_571_0,2011,Total,3,India,29,Karnataka,571,Tumkur,.78,.26,.47,.31,.64,1.1,5.2,,1.4,.32,1.9,1.2,.66,2.6,86.40000000000001,
3_29_572_0,2011,Total,3,India,29,Karnataka,572,Bangalore,.75,.38,.66,.58,.74,1.3,,,2.4,.46,2.7,2.3,.73,3.1,,
3_29_573_0,2011,Total,3,India,29,Karnataka,573,Mandya,1.2,.71,.37,.36,.36,1.3,7,,8.300000000000001,.86,1.5,1.4,.47,3.2,117,
3_29_574_0,2011,Total,3,India,29,Karnataka,574,Hassan,3.5,.54,.8300000000000001,.36,.34,1.1,6,,3.2,.66,3.4,1.4,.4,2.6,101,
3_29_575_0,2011,Total,3,India,29,Karnataka,575,Dakshina Kannada,5.2,,.4,,.33,.97,5.2,,3.4,,1.6,,.33,2.3,86.5,
3_29_576_0,2011,Total,3,India,29,Karnataka,576,Kodagu,5.600000000000001,.59,1.1,.31,.24,1,,,3.4,.72,4.5,1.3,.34,2.4,,
3_29_577_0,2011,Total,3,India,29,Karnataka,577,Mysore,1.1,.61,.8,.44,.48,1.3,6.800000000000001,,2.5,.74,3.3,1.7,.59,3,114,
3_29_578_0,2011,Total,3,India,29,Karnataka,578,Chamarajanagar,1,.47,.6,.24,.46,1.2,4.9,,4.100000000000001,.5700000000000001,2.5,.89,.5700000000000001,2.8,82.60000000000001,
3_29_579_0,2011,Total,3,India,29,Karnataka,579,Gulbarga,.5600000000000001,.53,.42,.3,.4,.96,3.1,.33,.98,.65,1.7,.97,.43,2.3,51.3,1.1
3_29_580_0,2011,Total,3,India,29,Karnataka,580,Yadgir,.5600000000000001,.53,.42,.3,.4,.96,3.1,.33,.98,.65,1.7,.97,.43,2.3,51.3,1.1
3_29_581_0,2011,Total,3,India,29,Karnataka,581,Kolar,.61,.59,.6800000000000001,.37,.77,.72,,,2.2,.72,2.8,1.5,.75,1.7,,
3_29_582_0,2011,Total,3,India,29,Karnataka,582,Chikkaballapura,.59,.5,.78,.35,.54,1.2,,,1.9,.6,3.2,1.4,.5600000000000001,2.9,,
3_29_583_0,2011,Total,3,India,29,Karnataka,583,Bangalore Rural,.96,.71,1.1,.5600000000000001,.78,1.7,5.2,,2.9,.87,4.7,2.3,.8,4.2,86.5,
3_29_584_0,2011,Total,3,India,29,Karnataka,584,Ramanagara,.96,.71,1.1,.5600000000000001,.78,1.7,5.2,,2.9,.87,4.7,2.3,.8,4.2,86.5,
3_2_23_0,2011,Total,3,India,2,Himachal Pradesh,23,Chamba,.5,,.63,.18,.42,.51,,.42,1.9,,2.6,.71,.4,1.2,,1.3
3_2_24_0,2011,Total,3,India,2,Himachal Pradesh,24,Kangra,.46,,.44,.13,.51,.63,.85,.39,1.6,,1.8,.5700000000000001,.54,1.5,14.3,1.3
3_2_25_0,2011,Total,3,India,2,Himachal Pradesh,25,Lahul & Spiti,4.2,,.55,,6.5,,,.33,8.6,,2.3,,5.600000000000001,,,1.1
3_2_26_0,2011,Total,3,India,2,Himachal Pradesh,26,Kullu,.51,.53,.65,.21,.41,.5700000000000001,,.4,2,.64,2.7,.84,.38,1.4,,1.3
3_2_27_0,2011,Total,3,India,2,Himachal Pradesh,27,Mandi,.44,.8200000000000001,.67,.23,.5600000000000001,.5600000000000001,,.23,1.6,1,2.8,.91,.59,1.4,,.73
3_2_28_0,2011,Total,3,India,2,Himachal Pradesh,28,Hamirpur,.32,,.44,.11,.33,.61,.63,.18,1.2,,1.8,.5,.32,1.5,10.5,.59
3_2_29_0,2011,Total,3,India,2,Himachal Pradesh,29,Una,.47,,.51,,.39,.9300000000000001,.98,.37,1.8,,2.1,,.43,2.2,16.5,1.2
3_2_30_0,2011,Total,3,India,2,Himachal Pradesh,30,Bilaspur,.35,,.47,,.26,.87,.48,.2,1.3,,1.9,,.31,2.1,8,.66
3_2_31_0,2011,Total,3,India,2,Himachal Pradesh,31,Solan,.53,,.58,,.37,1,.9300000000000001,.45,1.9,,2.4,,.34,2.5,15.6,1.4
3_2_32_0,2011,Total,3,India,2,Himachal Pradesh,32,Sirmaur,.54,.8200000000000001,.66,.18,.59,.5600000000000001,1.7,.41,2.3,1,2.7,.72,.53,1.4,28.9,1.3
3_2_33_0,2011,Total,3,India,2,Himachal Pradesh,33,Shimla,.4,.8200000000000001,.52,.38,.37,.41,.75,.24,1.6,1,2.2,1.5,.35,1,12.5,.79
3_2_34_0,2011,Total,3,India,2,Himachal Pradesh,34,Kinnaur,.55,,.55,.25,.75,.62,,.4,1.5,,2.3,1,.64,1.5,,1.3
3_30_585_0,2011,Total,3,India,30,Goa,585,North Goa,,,,,,,,,,,,,,,,
3_30_586_0,2011,Total,3,India,30,Goa,586,South Goa,,,,,,,,,,,,,,,,
3_31_587_0,2011,Total,3,India,31,Lakshadweep,587,Lakshadweep,,,,,,,,,,,,,,,,
3_32_588_0,2011,Total,3,India,32,Kerala,588,Kasaragod,3.8,,,.2,.51,.9,3.6,,2.1,,,.64,.78,2.2,60,
3_32_589_0,2011,Total,3,India,32,Kerala,589,Kannur,2.1,,,,.53,.77,10.7,,3.8,,,,.8100000000000001,1.9,180,
3_32_590_0,2011,Total,3,India,32,Kerala,590,Wayanad,2.3,,,.18,.5,1.1,,,3.6,,,.5600000000000001,.76,2.6,,
3_32_591_0,2011,Total,3,India,32,Kerala,591,Kozhikode,2.2,,,,.58,.5600000000000001,,,3.1,,,,.76,1.4,,
3_32_592_0,2011,Total,3,India,32,Kerala,592,Malappuram,2.6,,,,.5,.9,,,7.300000000000001,,,,.74,2.2,,
3_32_593_0,2011,Total,3,India,32,Kerala,593,Palakkad,1.4,.61,,.17,.54,1.1,5.100000000000001,,3.7,.74,,.5600000000000001,.75,2.6,86.2,
3_32_594_0,2011,Total,3,India,32,Kerala,594,Thrissur,1.4,,,,.6900000000000001,1.1,,,3.1,,,,1,2.5,,
3_32_595_0,2011,Total,3,India,32,Kerala,595,Ernakulam,2.2,,,,.47,.8200000000000001,,,9,,,,.71,2,,
3_32_596_0,2011,Total,3,India,32,Kerala,596,Idukki,2.1,,,.29,.55,1.1,5.300000000000001,,4.7,,,.9400000000000001,.8200000000000001,2.6,88.2,
3_32_597_0,2011,Total,3,India,32,Kerala,597,Kottayam,2.1,,,,.64,1.1,3.1,,8.9,,,,.87,2.7,51.8,
3_32_598_0,2011,Total,3,India,32,Kerala,598,Alappuzha,1.5,,,,.66,1.2,5.4,,4.800000000000001,,,,.87,3,89.80000000000001,
3_32_599_0,2011,Total,3,India,32,Kerala,599,Pathanamthitta,3.5,,,,.4,1.1,10.2,,17.6,,,,.78,2.7,171,
3_32_600_0,2011,Total,3,India,32,Kerala,600,Kollam,3.1,,,.25,.5,.92,,,15.6,,,1,.73,2.2,,
3_32_601_0,2011,Total,3,India,32,Kerala,601,Thiruvananthapuram,3.1,.8200000000000001,,,.45,1,,,16.6,1,,,.72,2.5,,
3_33_602_0,2011,Total,3,India,33,Tamil Nadu,602,Thiruvallur,1.9,3.3,.72,.51,.5700000000000001,1.5,6.300000000000001,,9.5,4,3,2.2,.48,3.5,106,
3_33_603_0,2011,Total,3,India,33,Tamil Nadu,603,Chennai,,,,,,,,,,,,,,,,
3_33_604_0,2011,Total,3,India,33,Tamil Nadu,604,Kancheepuram,1.9,3.2,,.62,.38,1.5,7.100000000000001,,5.100000000000001,3.9,,2.4,.35,3.6,119,
3_33_605_0,2011,Total,3,India,33,Tamil Nadu,605,Vellore,1.9,1.5,1.5,.4,.59,1.5,5.2,,12.7,1.8,6.100000000000001,1.5,.5700000000000001,3.5,86.80000000000001,
3_33_606_0,2011,Total,3,India,33,Tamil Nadu,606,Tiruvannamalai,1.9,1.3,1.4,.35,.44,1.3,5.800000000000001,,13.2,1.6,5.7,1.4,.42,3.1,96.60000000000001,
3_33_607_0,2011,Total,3,India,33,Tamil Nadu,607,Viluppuram,2.5,2.2,1.1,.29,.54,1.3,6.5,,21.7,2.7,4.7,1.2,.52,3.1,108,
3_33_608_0,2011,Total,3,India,33,Tamil Nadu,608,Salem,2.9,1.2,.91,.33,.54,1.7,5.300000000000001,,12.9,1.5,3.8,1.2,.47,4.2,89.30000000000001,
3_33_609_0,2011,Total,3,India,33,Tamil Nadu,609,Namakkal,4,1.4,1.3,.24,.75,1.9,7.800000000000001,,31,1.7,5.4,.77,.63,4.600000000000001,132,
3_33_610_0,2011,Total,3,India,33,Tamil Nadu,610,Erode,4.100000000000001,1.6,2,.33,1,1.9,6.7,,31,1.9,8.5,1.3,.92,4.600000000000001,113,
3_33_611_0,2011,Total,3,India,33,Tamil Nadu,611,The Nilgiris,9.9,1.2,,.45,.42,1.6,6.300000000000001,,15.6,1.4,,1.8,.33,3.8,106,
3_33_612_0,2011,Total,3,India,33,Tamil Nadu,612,Dindigul,1.7,2.4,1.5,.35,.62,1.7,7.7,,10.1,2.9,6.4,1.1,.58,4.2,129,
3_33_613_0,2011,Total,3,India,33,Tamil Nadu,613,Karur,1.7,2,1.4,.17,.45,1.7,5.600000000000001,,12.9,2.4,6,.55,.44,4.100000000000001,94.60000000000001,
3_33_614_0,2011,Total,3,India,33,Tamil Nadu,614,Tiruchirappalli,2,1.4,.9400000000000001,.14,.55,1.6,6.4,,9.5,1.7,3.9,.45,.53,3.9,108,
3_33_615_0,2011,Total,3,India,33,Tamil Nadu,615,Perambalur,2.3,7.4,.48,.43,1.3,2.6,10,,11,9,2,1.4,1.3,6.4,168,
3_33_616_0,2011,Total,3,India,33,Tamil Nadu,616,Ariyalur,1.9,1.6,.58,.45,.45,1.3,6.9,,13.6,1.9,2.4,1.5,.44,3.1,116,
3_33_617_0,2011,Total,3,India,33,Tamil Nadu,617,Cuddalore,1.8,2.2,.46,.46,.4,1,6.4,,16.3,2.7,1.9,1.9,.38,2.5,108,
3_33_618_0,2011,Total,3,India,33,Tamil Nadu,618,Nagapattinam,.7000000000000001,2.2,1.5,.5700000000000001,.19,.8300000000000001,4.100000000000001,,2.6,2.7,6.100000000000001,1.8,.17,2,69.3,
3_33_619_0,2011,Total,3,India,33,Tamil Nadu,619,Thiruvarur,.73,2.5,1.4,,.27,.8300000000000001,6.2,,2.4,3,6,,.25,2,104,
3_33_620_0,2011,Total,3,India,33,Tamil Nadu,620,Thanjavur,1.3,2.4,1.3,.58,.58,.96,6.100000000000001,,7.2,2.9,5.4,1.9,.55,2.3,101,
3_33_621_0,2011,Total,3,India,33,Tamil Nadu,621,Pudukkottai,1.3,1.2,1.6,.33,.46,.8,6.2,,8.9,1.5,6.7,1.2,.44,1.9,103,
3_33_622_0,2011,Total,3,India,33,Tamil Nadu,622,Sivaganga,1.1,.99,.87,.41,.43,.71,6.2,,7.600000000000001,1.2,3.6,1.5,.41,1.7,105,
3_33_623_0,2011,Total,3,India,33,Tamil Nadu,623,Madurai,1.7,1.5,.76,.3,.44,1.7,5.800000000000001,,8,1.8,3.2,1.1,.4,4,96.80000000000001,
3_33_624_0,2011,Total,3,India,33,Tamil Nadu,624,Theni,2.7,1.6,1.4,.75,1.1,2.1,7.9,,22.8,2,6,2.5,1,5.100000000000001,132,
3_33_625_0,2011,Total,3,India,33,Tamil Nadu,625,Virudhunagar,1.2,.85,1,.41,.46,1.2,6.300000000000001,,6.2,1,4.2,1.4,.39,2.9,105,
3_33_626_0,2011,Total,3,India,33,Tamil Nadu,626,Ramanathapuram,.67,1.2,1.2,.34,.35,.6900000000000001,6.2,,1.7,1.4,5,1.2,.33,1.7,103,
3_33_627_0,2011,Total,3,India,33,Tamil Nadu,627,Thoothukkudi,1.1,1.1,.9300000000000001,.55,.38,2,6.2,,5.300000000000001,1.3,3.9,2,.33,4.9,103,
3_33_628_0,2011,Total,3,India,33,Tamil Nadu,628,Tirunelveli,1.8,1.4,.91,.92,.44,1.7,5.600000000000001,,8.700000000000001,1.7,3.8,3,.4,4.100000000000001,94.60000000000001,
3_33_629_0,2011,Total,3,India,33,Tamil Nadu,629,Kanniyakumari,3,1.2,,,.36,1.9,6.100000000000001,,16,1.5,,,.35,4.5,102,
3_33_630_0,2011,Total,3,India,33,Tamil Nadu,630,Dharmapuri,3,1.7,1.2,.44,.44,1.6,5,,19.5,2.1,5.100000000000001,1.6,.43,3.9,84.30000000000001,
3_33_631_0,2011,Total,3,India,33,Tamil Nadu,631,Krishnagiri,3,1.7,1.2,.44,.44,1.6,5,,19.5,2.1,5.100000000000001,1.6,.43,3.9,84.30000000000001,
3_33_632_0,2011,Total,3,India,33,Tamil Nadu,632,Coimbatore,2.5,2.1,3.9,.17,.72,2.7,13.3,,15.3,2.6,16.1,.52,.9300000000000001,6.600000000000001,223,
3_33_633_0,2011,Total,3,India,33,Tamil Nadu,633,Tiruppur,3.3,1.9,3,.25,.87,2.3,10,,23.1,2.3,12.3,.92,.9300000000000001,5.600000000000001,168,
3_34_634_0,2011,Total,3,India,34,Puducherry,634,Yanam,,,,,,,,,,,,,,,,
3_34_635_0,2011,Total,3,India,34,Puducherry,635,Puducherry,,,,,,,,,,,,,,,,
3_34_636_0,2011,Total,3,India,34,Puducherry,636,Mahe,,,,,,,,,,,,,,,,
3_34_637_0,2011,Total,3,India,34,Puducherry,637,Karaikal,,,,,,,,,,,,,,,,
3_35_638_0,2011,Total,3,India,35,Andaman & Nicobar Islands,638,Nicobars,,,,,,,,,,,,,,,,
3_35_639_0,2011,Total,3,India,35,Andaman & Nicobar Islands,639,North  & Middle Andaman,,,,,,,,,,,,,,,,
3_35_640_0,2011,Total,3,India,35,Andaman & Nicobar Islands,640,South Andaman,,,,,,,,,,,,,,,,
3_3_35_0,2011,Total,3,India,3,Punjab,35,Gurdaspur,1.3,,.55,,.49,1.3,.39,1.3,3.6,,2.3,,.5,3.2,6.5,4
3_3_36_0,2011,Total,3,India,3,Punjab,36,Kapurthala,1.4,,1,,,1.6,.36,1.3,4,,4.2,,,3.8,6,4.2
3_3_37_0,2011,Total,3,India,3,Punjab,37,Jalandhar,1.4,,.8300000000000001,,1.1,1.6,.36,1.3,4,,3.5,,1,3.9,6,4.2
3_3_38_0,2011,Total,3,India,3,Punjab,38,Hoshiarpur,1.1,.9,.85,,.61,1.5,.32,1.1,3.5,1.1,3.5,,.67,3.5,5.4,3.7
3_3_39_0,2011,Total,3,India,3,Punjab,39,Shahid Bhagat Singh Nagar,1.4,,.9,,1,1.7,.37,1.3,4,,3.7,,1,4.100000000000001,6.2,4.100000000000001
3_3_40_0,2011,Total,3,India,3,Punjab,40,Fatehgarh Sahib,1.6,,.84,.23,1,1.8,.45,1.4,4.5,,3.5,1,1,4.4,7.5,4.7
3_3_41_0,2011,Total,3,India,3,Punjab,41,Ludhiana,1.6,,.96,,1.1,1.9,.36,1.4,4.4,,4,,.9300000000000001,4.5,6,4.4
3_3_42_0,2011,Total,3,India,3,Punjab,42,Moga,1.9,,,,.96,1.9,,1.7,5.100000000000001,,,,.86,4.7,,5.600000000000001
3_3_43_0,2011,Total,3,India,3,Punjab,43,Firozpur,2.2,,,.32,.88,1.6,.36,1.3,4,,,1,1,4,6,4.3
3_3_44_0,2011,Total,3,India,3,Punjab,44,Muktsar,3,,,,1.2,1.7,,1.5,4.4,,,,1.3,4,,4.7
3_3_45_0,2011,Total,3,India,3,Punjab,45,Faridkot,2,,,.23,1.2,1.8,,1.4,4.3,,,1,1,4.3,,4.4
3_3_46_0,2011,Total,3,India,3,Punjab,46,Bathinda,3.4,.62,,,.85,1.9,,1.4,4.4,.75,,,.88,4.5,,4.4
3_3_47_0,2011,Total,3,India,3,Punjab,47,Mansa,2.9,.8200000000000001,,.23,.77,1.7,,1.4,4.2,1,,1,.89,4.2,,4.5
3_3_48_0,2011,Total,3,India,3,Punjab,48,Patiala,1.6,,.72,,1.4,1.7,.48,1.4,4.4,,3,,1.2,4.2,8,4.600000000000001
3_3_49_0,2011,Total,3,India,3,Punjab,49,Amritsar,1.2,,.96,.23,.9400000000000001,1.2,.36,1.3,3.4,,4,1,.89,2.8,6,4.100000000000001
3_3_50_0,2011,Total,3,India,3,Punjab,50,Tarn Taran,1.2,,.96,.23,.9400000000000001,1.2,.36,1.3,3.4,,4,1,.89,2.8,6,4.100000000000001
3_3_51_0,2011,Total,3,India,3,Punjab,51,Rupnagar,1.2,,.77,,.6900000000000001,1.5,.39,1.2,3.6,,3.2,,.88,3.7,6.5,3.8
3_3_52_0,2011,Total,3,India,3,Punjab,52,Sahibzada Ajit Singh Nagar,1.4,,.75,,1,1.6,.43,1.3,4,,3.1,,1,3.9,7.300000000000001,4.2
3_3_53_0,2011,Total,3,India,3,Punjab,53,Sangrur,1.8,1.6,.72,.34,1.1,1.9,.48,1.5,4.600000000000001,2,3,1.5,1,4.600000000000001,8,4.7
3_3_54_0,2011,Total,3,India,3,Punjab,54,Barnala,1.8,1.6,.72,.34,1.1,1.9,.48,1.5,4.600000000000001,2,3,1.5,1,4.600000000000001,8,4.7
3_4_55_0,2011,Total,3,India,4,Chandigarh,55,Chandigarh,1.4,,.51,,,2.1,,1.4,4.600000000000001,,2.1,,,5,,4.5
3_5_56_0,2011,Total,3,India,5,Uttarakhand,56,Uttarkashi,.5700000000000001,,.3,.42,.76,.63,,.38,1.9,,1.3,1.7,.71,1.5,,1.2
3_5_57_0,2011,Total,3,India,5,Uttarakhand,57,Chamoli,.49,,.16,.37,.79,.52,,.33,1.8,,.64,1.5,.8100000000000001,1.2,,1.1
3_5_58_0,2011,Total,3,India,5,Uttarakhand,58,Rudraprayag,.48,,.29,.39,.64,.64,,.39,1.5,,1.2,1.5,.6800000000000001,1.6,,1.3
3_5_59_0,2011,Total,3,India,5,Uttarakhand,59,Tehri Garhwal,.51,,.25,.33,.75,.6,,.28,1.2,,1,1.3,.76,1.4,,.9
3_5_60_0,2011,Total,3,India,5,Uttarakhand,60,Dehradun,1.4,.7000000000000001,.38,.4,.77,.8300000000000001,3.6,.62,7.300000000000001,.85,1.6,1.6,.73,2,61,2
3_5_61_0,2011,Total,3,India,5,Uttarakhand,61,Garhwal,.36,,.21,.3,.62,.44,,.25,1.1,,.85,1.2,.62,1.1,,.8100000000000001
3_5_62_0,2011,Total,3,India,5,Uttarakhand,62,Pithoragarh,.48,.5700000000000001,.25,.37,.5600000000000001,.5700000000000001,,.37,1.3,.7000000000000001,1,1.5,.63,1.4,,1.2
3_5_63_0,2011,Total,3,India,5,Uttarakhand,63,Bageshwar,.45,.8200000000000001,.33,.38,.55,.5600000000000001,,.34,1.3,1,1.4,1.5,.5700000000000001,1.4,,1.1
3_5_64_0,2011,Total,3,India,5,Uttarakhand,64,Almora,.42,,.24,.29,.65,.41,,.26,1.1,,1,1.2,.6900000000000001,.98,,.8300000000000001
3_5_65_0,2011,Total,3,India,5,Uttarakhand,65,Champawat,1.2,.65,.23,.35,.59,.43,3.4,.33,1.4,.79,.96,1.4,.6800000000000001,1,57.8,1.1
3_5_66_0,2011,Total,3,India,5,Uttarakhand,66,Nainital,1.2,.7000000000000001,.37,.33,.9400000000000001,1.1,3.4,.8,6.5,.85,1.6,1.3,1.4,2.6,57.5,2.6
3_5_67_0,2011,Total,3,India,5,Uttarakhand,67,Udham Singh Nagar,1.4,1,.39,,.9400000000000001,1.1,3.5,1.2,9.1,1.2,1.6,,.8300000000000001,2.8,59.1,3.8
3_5_68_0,2011,Total,3,India,5,Uttarakhand,68,Hardwar,2.1,1.2,.44,,.61,.91,3.3,.85,28.7,1.4,1.8,,.63,2.2,56.1,2.7
3_6_69_0,2011,Total,3,India,6,Haryana,69,Panchkula,.89,,.5,.31,.66,1.1,6.4,.76,3.3,,2.1,1.2,.86,2.7,107,2.5
3_6_70_0,2011,Total,3,India,6,Haryana,70,Ambala,1.4,,.63,,.47,1.5,3.8,1.2,7.100000000000001,,2.6,,.48,3.5,64.10000000000001,3.8
3_6_71_0,2011,Total,3,India,6,Haryana,71,Yamunanagar,1.4,1.7,.45,.42,.64,1.4,1.8,1.3,7.7,2.1,1.9,1.8,.66,3.4,31,4.100000000000001
3_6_72_0,2011,Total,3,India,6,Haryana,72,Kurukshetra,1.6,,.67,,1,1.5,4,1.4,7.300000000000001,,2.8,,.97,3.6,67.10000000000001,4.5
3_6_73_0,2011,Total,3,India,6,Haryana,73,Kaithal,1.3,,,.47,1.7,1.1,4.7,1.4,4.2,,,2.1,1.7,2.7,78.60000000000001,4.7
3_6_74_0,2011,Total,3,India,6,Haryana,74,Karnal,1.4,,.89,.61,1,1.2,4.3,1.4,5.5,,3.7,2.7,1.2,2.9,72.40000000000001,4.600000000000001
3_6_75_0,2011,Total,3,India,6,Haryana,75,Panipat,1.3,,,.86,1.4,1,4.100000000000001,1.4,5,,,3.8,1.3,2.4,69.5,4.7
3_6_76_0,2011,Total,3,India,6,Haryana,76,Sonipat,1.2,,.42,.28,1.1,.92,4.4,1.4,4.7,,1.8,1.2,1.1,2.2,73.5,4.600000000000001
3_6_77_0,2011,Total,3,India,6,Haryana,77,Jind,1.7,,,.42,1.1,1.1,3.2,1.4,3.7,,,1.8,1.1,2.5,54.1,4.5
3_6_78_0,2011,Total,3,India,6,Haryana,78,Fatehabad,2.9,.77,,.6,.62,1.6,5.2,1.5,4.5,.9300000000000001,,2.7,.86,4,86.40000000000001,4.800000000000001
3_6_79_0,2011,Total,3,India,6,Haryana,79,Sirsa,3.3,.7000000000000001,,.46,.48,1.4,,1.4,4.100000000000001,.85,,2,.9,3.4,,4.5
3_6_80_0,2011,Total,3,India,6,Haryana,80,Hisar,2.5,.85,,.48,.44,1,3,1.4,3.7,1,,2.1,.66,2.5,50,4.5
3_6_81_0,2011,Total,3,India,6,Haryana,81,Bhiwani,.91,1.6,,.27,.47,.92,4,1.2,2.2,2,,1.2,.91,2.2,67.7,3.8
3_6_82_0,2011,Total,3,India,6,Haryana,82,Rohtak,1.1,,.51,.23,1.1,.55,3.2,1.3,4.100000000000001,,2.1,.9400000000000001,1.1,1.3,54.40000000000001,4.2
3_6_83_0,2011,Total,3,India,6,Haryana,83,Jhajjar,.9400000000000001,1.2,,.27,1.1,.55,3.1,1.3,3,1.5,,1.2,1.2,1.3,51.7,4.2
3_6_84_0,2011,Total,3,India,6,Haryana,84,Mahendragarh,.74,,,.4,.49,,,1.3,2.3,,,1.8,.97,,,4.3
3_6_85_0,2011,Total,3,India,6,Haryana,85,Rewari,.9,1.1,,.41,.71,1,,1.4,2.8,1.3,,1.8,.63,2.4,,4.5
3_6_86_0,2011,Total,3,India,6,Haryana,86,Gurgaon,.97,,,.42,1,1.2,,1.3,3.2,,,1.9,.98,2.8,,4.3
3_6_87_0,2011,Total,3,India,6,Haryana,87,Mewat,.97,,,.42,1,1.2,,1.3,3.2,,,1.9,.98,2.8,,4.3
3_6_88_0,2011,Total,3,India,6,Haryana,88,Faridabad,1.2,,,.27,1,1.1,3.8,1.4,4.7,,,1.2,.96,2.6,63.3,4.4
3_6_89_0,2011,Total,3,India,6,Haryana,89,Palwal,1.2,,,.27,1,1.1,3.8,1.4,4.7,,,1.2,.96,2.6,63.3,4.4
3_7_90_0,2011,Total,3,India,7,NCT Of Delhi,90,North West,,,,,,,,,,,,,,,,
3_7_91_0,2011,Total,3,India,7,NCT Of Delhi,91,North,,,,,,,,,,,,,,,,
3_7_92_0,2011,Total,3,India,7,NCT Of Delhi,92,North East,,,,,,,,,,,,,,,,
3_7_93_0,2011,Total,3,India,7,NCT Of Delhi,93,East,,,,,,,,,,,,,,,,
3_7_94_0,2011,Total,3,India,7,NCT Of Delhi,94,New Delhi,,,,,,,,,,,,,,,,
3_7_95_0,2011,Total,3,India,7,NCT Of Delhi,95,Central,,,,,,,,,,,,,,,,
3_7_96_0,2011,Total,3,India,7,NCT Of Delhi,96,West,,,,,,,,,,,,,,,,
3_7_97_0,2011,Total,3,India,7,NCT Of Delhi,97,South West,,,,,,,,,,,,,,,,
3_7_98_0,2011,Total,3,India,7,NCT Of Delhi,98,South,,,,,,,,,,,,,,,,
3_8_100_0,2011,Total,3,India,8,Rajasthan,100,Hanumangarh,.6900000000000001,1.1,.43,.26,.27,1.5,3.5,.97,1.6,1.3,1.8,1.1,.51,3.5,59.1,3.1
3_8_101_0,2011,Total,3,India,8,Rajasthan,101,Bikaner,.34,1,.33,.08,.35,.72,3.5,.65,.75,1.2,1.4,.35,.71,1.7,59.3,2.1
3_8_102_0,2011,Total,3,India,8,Rajasthan,102,Churu,.21,1.6,,.09,.25,,,.54,.52,1.9,,.41,.41,,,1.8
3_8_103_0,2011,Total,3,India,8,Rajasthan,103,Jhunjhunun,.46,1.3,.32,.18,.46,,,1,1.3,1.6,1.3,.8100000000000001,.76,,,3.4
3_8_104_0,2011,Total,3,India,8,Rajasthan,104,Alwar,.73,1.4,.32,.29,.58,.6800000000000001,3.3,1.2,2.1,1.6,1.3,1.3,1.1,1.6,54.90000000000001,3.9
3_8_105_0,2011,Total,3,India,8,Rajasthan,105,Bharatpur,.8,1.1,.32,.31,.73,.61,3.2,1.2,2.3,1.4,1.3,1.3,1.2,1.5,53.2,4
3_8_106_0,2011,Total,3,India,8,Rajasthan,106,Dhaulpur,.75,1.1,.44,.42,.7000000000000001,.6900000000000001,3.5,1.2,2.4,1.4,1.8,1.8,1.2,1.7,57.8,3.8
3_8_107_0,2011,Total,3,India,8,Rajasthan,107,Karauli,.6900000000000001,1,.35,.41,.52,.6900000000000001,4.9,1.2,2,1.2,1.5,1.8,1,1.7,81.80000000000001,3.8
3_8_108_0,2011,Total,3,India,8,Rajasthan,108,Sawai Madhopur,.58,.8100000000000001,.34,.32,.53,.6800000000000001,3.5,1,1.4,.99,1.4,1.4,1,1.6,58.7,3.3
3_8_109_0,2011,Total,3,India,8,Rajasthan,109,Dausa,.64,1.2,.29,.34,.47,,3.5,1,1.9,1.5,1.2,1.5,.96,,58.6,3.3
3_8_110_0,2011,Total,3,India,8,Rajasthan,110,Jaipur,.53,1.3,.2,.24,.44,,3.5,.98,1.5,1.6,.85,1.1,.46,,58.2,3.2
3_8_111_0,2011,Total,3,India,8,Rajasthan,111,Sikar,.48,1.3,.34,.22,.38,,3.5,.97,1.4,1.6,1.4,.97,.55,,58.6,3.1
3_8_112_0,2011,Total,3,India,8,Rajasthan,112,Nagaur,.35,1.4,.3,.15,.38,,3.4,.79,.8100000000000001,1.8,1.2,.65,.37,,57.5,2.5
3_8_113_0,2011,Total,3,India,8,Rajasthan,113,Jodhpur,.26,1.2,.37,.05,.22,,,.7000000000000001,.5700000000000001,1.5,1.5,.22,.18,,,2.3
3_8_114_0,2011,Total,3,India,8,Rajasthan,114,Jaisalmer,.15,.85,,0,.21,,3.5,.31,.29,1,,.02,.44,,58,1
3_8_115_0,2011,Total,3,India,8,Rajasthan,115,Barmer,.04,1.1,.41,.02,.05,,,.38,.11,1.4,1.7,.08,.04,,,1.2
3_8_116_0,2011,Total,3,India,8,Rajasthan,116,Jalor,.25,.91,.35,.05,.16,,,.5600000000000001,.5,1.1,1.4,.23,.13,,,1.8
3_8_117_0,2011,Total,3,India,8,Rajasthan,117,Sirohi,.41,1.2,.2,.08,.22,.6900000000000001,3.5,.7000000000000001,.91,1.5,.8300000000000001,.33,.22,1.7,59,2.3
3_8_118_0,2011,Total,3,India,8,Rajasthan,118,Pali,.16,.53,.11,.06,.17,,,.5600000000000001,.31,.64,.46,.22,.16,,,1.8
3_8_119_0,2011,Total,3,India,8,Rajasthan,119,Ajmer,.16,.33,.09,.1,.18,.6800000000000001,3.5,.72,.41,.41,.39,.36,.18,1.6,58.5,2.3
3_8_120_0,2011,Total,3,India,8,Rajasthan,120,Tonk,.36,.6900000000000001,.16,.13,.28,.65,2.9,.8200000000000001,.79,.84,.66,.53,.34,1.6,48.8,2.6
3_8_121_0,2011,Total,3,India,8,Rajasthan,121,Bundi,.7000000000000001,1.2,.42,.2,.5600000000000001,.52,2.6,1.1,2,1.4,1.7,.8200000000000001,.8300000000000001,1.3,43.40000000000001,3.5
3_8_122_0,2011,Total,3,India,8,Rajasthan,122,Bhilwara,.33,.64,.27,.08,.24,.6800000000000001,4.100000000000001,.8200000000000001,.97,.78,1.1,.27,.29,1.6,69.5,2.7
3_8_123_0,2011,Total,3,India,8,Rajasthan,123,Rajsamand,.38,.71,.27,.34,.22,.71,3.2,.73,1.4,.86,1.1,1.1,.25,1.7,53,2.4
3_8_124_0,2011,Total,3,India,8,Rajasthan,124,Dungarpur,.28,1.2,.18,.13,.41,.12,2.4,.5,.86,1.5,.75,.42,.61,.29,40.7,1.6
3_8_125_0,2011,Total,3,India,8,Rajasthan,125,Banswara,.41,1.1,.36,.21,.42,.17,2.4,.55,1.3,1.4,1.5,.6900000000000001,.66,.4,40.40000000000001,1.8
3_8_126_0,2011,Total,3,India,8,Rajasthan,126,Chittaurgarh,.77,.91,.55,.23,.63,.67,3.1,1.1,2.2,1.1,2.3,.71,1,1.6,52.3,3.5
3_8_127_0,2011,Total,3,India,8,Rajasthan,127,Kota,.87,1.1,.33,.38,.61,1.1,3.5,1.1,1.9,1.4,1.4,1.2,.99,2.5,58.7,3.6
3_8_128_0,2011,Total,3,India,8,Rajasthan,128,Baran,.85,1.1,.38,.28,.64,1.1,3.5,1.1,1.8,1.4,1.6,1.1,1,2.6,59,3.7
3_8_129_0,2011,Total,3,India,8,Rajasthan,129,Jhalawar,.71,.8300000000000001,.5,.43,.64,.6800000000000001,3.4,.9500000000000001,1.5,1,2.1,1.3,1,1.6,57.5,3.1
3_8_130_0,2011,Total,3,India,8,Rajasthan,130,Udaipur,.37,.63,.28,.16,.43,.24,4,.6800000000000001,1.3,.76,1.2,.49,.65,.58,67.8,2.2
3_8_131_0,2011,Total,3,India,8,Rajasthan,131,Pratapgarh,.52,.89,.4,.2,.5,.36,3.2,.77,1.6,1.1,1.6,.63,.78,.86,53.5,2.5
3_8_99_0,2011,Total,3,India,8,Rajasthan,99,Ganganagar,.77,1.1,.41,.36,.45,1.1,4.4,1,2,1.4,1.7,1.6,.77,2.6,73.40000000000001,3.3
3_9_132_0,2011,Total,3,India,9,Uttar Pradesh,132,Saharanpur,1.9,.8200000000000001,.3,,.55,.9400000000000001,3.5,.9300000000000001,24.6,.99,1.2,,.55,2.3,58.8,3
3_9_133_0,2011,Total,3,India,9,Uttar Pradesh,133,Muzaffarnagar,2.6,,.28,,.59,1,3.9,1,38.3,,1.2,,.58,2.5,64.60000000000001,3.4
3_9_134_0,2011,Total,3,India,9,Uttar Pradesh,134,Bijnor,2.2,.74,.35,.23,.88,1,3.3,.9,31.2,.9,1.5,1,.88,2.5,55.2,2.9
3_9_135_0,2011,Total,3,India,9,Uttar Pradesh,135,Moradabad,1.2,.5600000000000001,.35,.27,.9,.9400000000000001,3.3,.96,9.800000000000001,.6800000000000001,1.5,1.2,.87,2.3,55.2,3.1
3_9_136_0,2011,Total,3,India,9,Uttar Pradesh,136,Rampur,1.1,,.35,.34,1.1,.87,3.2,1,6.300000000000001,,1.5,1.3,1.1,2.1,53,3.4
3_9_137_0,2011,Total,3,India,9,Uttar Pradesh,137,Jyotiba Phule Nagar,1.8,.5600000000000001,.34,.22,.9500000000000001,.8300000000000001,3.5,.9300000000000001,21.3,.6800000000000001,1.4,.96,.91,2,58.2,3
3_9_138_0,2011,Total,3,India,9,Uttar Pradesh,138,Meerut,2.6,,.47,.43,.6800000000000001,1,3.8,1.1,35.9,,1.9,1.9,.67,2.4,64.40000000000001,3.6
3_9_139_0,2011,Total,3,India,9,Uttar Pradesh,139,Baghpat,2.7,,.49,.4,.72,1,4.100000000000001,1.1,37.6,,2,1.7,.7000000000000001,2.5,68.5,3.7
3_9_140_0,2011,Total,3,India,9,Uttar Pradesh,140,Ghaziabad,2,,.54,.4,.78,1.1,3.3,1.2,22.1,,2.3,1.7,.75,2.6,56,3.8
3_9_141_0,2011,Total,3,India,9,Uttar Pradesh,141,Gautam Buddha Nagar,1.1,,.5,.38,.8300000000000001,.88,3.7,1.1,4.600000000000001,,2.1,1.7,.79,2.1,62.2,3.5
3_9_142_0,2011,Total,3,India,9,Uttar Pradesh,142,Bulandshahr,1.3,.55,.49,.44,.79,.9500000000000001,3.4,1.2,9.800000000000001,.67,2,1.9,.75,2.3,56.5,3.8
3_9_143_0,2011,Total,3,India,9,Uttar Pradesh,143,Aligarh,.99,.58,.54,.44,.66,.79,3.4,1,4.5,.71,2.2,1.9,.63,1.9,56.7,3.3
3_9_144_0,2011,Total,3,India,9,Uttar Pradesh,144,Mahamaya Nagar,1.3,,.46,.36,.75,.76,3.2,.88,6.5,,1.9,1.6,.6900000000000001,1.8,53.5,2.8
3_9_145_0,2011,Total,3,India,9,Uttar Pradesh,145,Mathura,1.1,,.49,.28,.84,1,2.6,1.1,4.5,,2,1.2,.74,2.4,43.6,3.5
3_9_146_0,2011,Total,3,India,9,Uttar Pradesh,146,Agra,1.1,.55,.41,.35,.64,.8100000000000001,2.7,1,5.5,.67,1.7,1.6,.8,2,45.6,3.2
3_9_147_0,2011,Total,3,India,9,Uttar Pradesh,147,Firozabad,1.5,.5700000000000001,.62,.47,.88,1.2,2.9,1.1,7.100000000000001,.6900000000000001,2.6,2.1,.84,3,47.90000000000001,3.4
3_9_148_0,2011,Total,3,India,9,Uttar Pradesh,148,Mainpuri,1.2,.58,.51,.42,.99,1,2.8,1,3.9,.7000000000000001,2.1,1.8,.92,2.4,47.40000000000001,3.3
3_9_149_0,2011,Total,3,India,9,Uttar Pradesh,149,Budaun,.98,.62,.45,.39,.86,.78,3.7,1,5.300000000000001,.76,1.9,1.7,.85,1.9,61.5,3.4
3_9_150_0,2011,Total,3,India,9,Uttar Pradesh,150,Bareilly,1.2,.63,.43,.31,.88,.73,3.3,.89,10.3,.76,1.8,1.4,.87,1.8,54.8,2.9
3_9_151_0,2011,Total,3,India,9,Uttar Pradesh,151,Pilibhit,1.4,.5600000000000001,.43,.45,.88,1,3.5,1.1,10.8,.6800000000000001,1.8,2,.9,2.4,58,3.5
3_9_152_0,2011,Total,3,India,9,Uttar Pradesh,152,Shahjahanpur,1.2,.59,.45,.29,.71,1,3.3,1.1,6.4,.72,1.9,1.2,.75,2.4,54.90000000000001,3.6
3_9_153_0,2011,Total,3,India,9,Uttar Pradesh,153,Kheri,1.6,.5,.21,.24,.75,.78,3.3,.98,19.3,.61,.86,.9300000000000001,.78,1.9,55.90000000000001,3.2
3_9_154_0,2011,Total,3,India,9,Uttar Pradesh,154,Sitapur,1.2,.49,.15,.24,.74,.74,2.9,.86,11.6,.59,.61,.8100000000000001,.75,1.8,49.1,2.8
3_9_155_0,2011,Total,3,India,9,Uttar Pradesh,155,Hardoi,.99,.78,.35,.3,.6900000000000001,.9,2.9,.9400000000000001,5.2,.9400000000000001,1.4,1,.7000000000000001,2.2,49.40000000000001,3
3_9_156_0,2011,Total,3,India,9,Uttar Pradesh,156,Unnao,.84,.6900000000000001,.32,.32,.63,.8300000000000001,3,.88,2.8,.8300000000000001,1.3,1.1,.66,2,50.7,2.9
3_9_157_0,2011,Total,3,India,9,Uttar Pradesh,157,Lucknow,.87,.64,.29,.26,.63,.89,3.1,.8300000000000001,2.8,.78,1.2,.87,.63,2.1,51.8,2.7
3_9_158_0,2011,Total,3,India,9,Uttar Pradesh,158,Rae Bareli,.8200000000000001,.58,.3,.25,.62,.92,1.9,.78,2.6,.7000000000000001,1.2,.8200000000000001,.6800000000000001,2.2,32.3,2.5
3_9_159_0,2011,Total,3,India,9,Uttar Pradesh,159,Farrukhabad,1.5,.5700000000000001,.55,.45,.9400000000000001,.99,3.1,1.1,8.4,.6900000000000001,2.3,1.9,.9500000000000001,2.4,51.7,3.4
3_9_160_0,2011,Total,3,India,9,Uttar Pradesh,160,Kannauj,1.5,.5700000000000001,.4,.46,1,1.1,2.9,1.1,6.9,.6900000000000001,1.7,1.9,1.1,2.7,48.90000000000001,3.5
3_9_161_0,2011,Total,3,India,9,Uttar Pradesh,161,Etawah,1.2,.5700000000000001,.47,.47,1.2,1.1,2.9,.99,4.100000000000001,.7000000000000001,1.9,2.1,1.2,2.7,48.2,3.2
3_9_162_0,2011,Total,3,India,9,Uttar Pradesh,162,Auraiya,1.1,.58,.52,.51,.97,1.2,2.9,.99,3.5,.7000000000000001,2.2,2.3,1.3,3,48.3,3.2
3_9_163_0,2011,Total,3,India,9,Uttar Pradesh,163,Kanpur Dehat,.9300000000000001,,.26,.38,.8300000000000001,.97,2.8,1.1,3.1,,1.1,1.5,1.2,2.3,47.3,3.6
3_9_164_0,2011,Total,3,India,9,Uttar Pradesh,164,Kanpur Nagar,1,.5700000000000001,.38,.43,.85,.92,2.4,.91,4.2,.6900000000000001,1.6,1.4,1.1,2.2,39.5,2.9
3_9_165_0,2011,Total,3,India,9,Uttar Pradesh,165,Jalaun,.8200000000000001,.35,.29,.3,1,.46,1.5,.92,1.8,.43,1.2,1.1,1.1,1.1,24.8,3
3_9_166_0,2011,Total,3,India,9,Uttar Pradesh,166,Jhansi,.66,.46,.12,.21,.85,.75,1.6,.8,1.3,.5600000000000001,.49,.65,.89,1.8,27.5,2.6
3_9_167_0,2011,Total,3,India,9,Uttar Pradesh,167,Lalitpur,.71,.6900000000000001,.34,.41,.8100000000000001,.28,1.7,.6900000000000001,1.3,.84,1.4,1.3,.8200000000000001,.6800000000000001,28.8,2.2
3_9_168_0,2011,Total,3,India,9,Uttar Pradesh,168,Hamirpur,.55,.35,,.14,.54,.5,2.4,.77,1.3,.42,,.43,.71,1.2,40.40000000000001,2.5
3_9_169_0,2011,Total,3,India,9,Uttar Pradesh,169,Mahoba,.45,.14,.35,.2,.5,.48,2.4,.54,1,.17,1.5,.6,.62,1.2,40.40000000000001,1.7
3_9_170_0,2011,Total,3,India,9,Uttar Pradesh,170,Banda,.47,.14,.36,.19,.43,.54,2.4,.54,1.2,.17,1.5,.61,.64,1.3,40.40000000000001,1.7
3_9_171_0,2011,Total,3,India,9,Uttar Pradesh,171,Chitrakoot,.47,.13,.41,.25,.51,.28,2.4,.5600000000000001,1.1,.15,1.7,.87,.73,.67,40.5,1.8
3_9_172_0,2011,Total,3,India,9,Uttar Pradesh,172,Fatehpur,.87,.58,.37,.35,.58,.9300000000000001,3,.87,3.3,.7000000000000001,1.5,1.2,.9,2.2,49.6,2.8
3_9_173_0,2011,Total,3,India,9,Uttar Pradesh,173,Pratapgarh,.8200000000000001,.5700000000000001,.36,.22,.75,.89,3,.79,2.5,.7000000000000001,1.5,.85,.74,2.2,49.6,2.6
3_9_174_0,2011,Total,3,India,9,Uttar Pradesh,174,Kaushambi,.8100000000000001,.5600000000000001,.37,.33,.6900000000000001,.84,3.1,.77,2.8,.6900000000000001,1.5,1.3,.97,2,52.40000000000001,2.5
3_9_175_0,2011,Total,3,India,9,Uttar Pradesh,175,Allahabad,.8,,.36,.26,.6900000000000001,.97,2.9,.72,2.5,,1.5,1.1,.78,2.3,49.3,2.3
3_9_176_0,2011,Total,3,India,9,Uttar Pradesh,176,Bara Banki,1,.5700000000000001,.09,.28,.78,.91,3.1,.9500000000000001,4.3,.7000000000000001,.37,.98,.79,2.2,51.8,3.1
3_9_177_0,2011,Total,3,India,9,Uttar Pradesh,177,Faizabad,1.1,,.27,.25,.85,.97,3,.84,6.5,,1.1,.78,.85,2.3,50,2.7
3_9_178_0,2011,Total,3,India,9,Uttar Pradesh,178,Ambedkar Nagar,1.1,.49,.24,.26,.99,1.1,3,1,4.9,.6,1,.8,.96,2.6,49.8,3.2
3_9_179_0,2011,Total,3,India,9,Uttar Pradesh,179,Sultanpur,.9500000000000001,.5700000000000001,.3,.25,.9500000000000001,.92,2.9,.86,3.7,.6900000000000001,1.2,.8,.9500000000000001,2.2,48.7,2.8
3_9_180_0,2011,Total,3,India,9,Uttar Pradesh,180,Bahraich,.84,.5700000000000001,.26,.37,.8100000000000001,.8200000000000001,2.7,.84,4,.6900000000000001,1.1,1.4,.85,2,45,2.7
3_9_181_0,2011,Total,3,India,9,Uttar Pradesh,181,Shrawasti,.86,.58,.17,.36,.6800000000000001,.92,2.8,.8300000000000001,3.5,.7000000000000001,.71,1.1,.71,2.2,47.1,2.7
3_9_182_0,2011,Total,3,India,9,Uttar Pradesh,182,Balrampur,1.1,.58,.23,.4,.8300000000000001,.92,2.6,.88,9.1,.7000000000000001,.9400000000000001,1.8,.86,2.2,43.5,2.8
3_9_183_0,2011,Total,3,India,9,Uttar Pradesh,183,Gonda,1.1,.59,.2,.32,.8300000000000001,.9,2.7,.87,9.1,.71,.84,1,.8300000000000001,2.2,45.5,2.8
3_9_184_0,2011,Total,3,India,9,Uttar Pradesh,184,Siddharthnagar,.87,.58,.36,,.96,.9300000000000001,2.9,.75,2.7,.7000000000000001,1.5,,.91,2.2,48.8,2.4
3_9_185_0,2011,Total,3,India,9,Uttar Pradesh,185,Basti,1.1,.8200000000000001,.36,.35,.9500000000000001,.86,2.9,.8100000000000001,8.700000000000001,1,1.5,1.3,.92,2.1,48,2.6
3_9_186_0,2011,Total,3,India,9,Uttar Pradesh,186,Sant Kabir Nagar,.88,.58,.36,.42,1,.8,2.9,.84,3.2,.7000000000000001,1.5,1.9,.97,1.9,48.8,2.7
3_9_187_0,2011,Total,3,India,9,Uttar Pradesh,187,Mahrajganj,1,.64,.31,.45,.76,.98,3.1,.89,5,.78,1.3,2,.77,2.4,51.8,2.9
3_9_188_0,2011,Total,3,India,9,Uttar Pradesh,188,Gorakhpur,.85,.6900000000000001,.27,.39,.88,.78,2.9,.8300000000000001,2.9,.84,1.1,1.5,.84,1.9,49.1,2.7
3_9_189_0,2011,Total,3,India,9,Uttar Pradesh,189,Kushinagar,1.3,.66,.36,.38,.79,.98,3,.85,12.3,.8,1.5,1.6,.78,2.4,50.2,2.7
3_9_190_0,2011,Total,3,India,9,Uttar Pradesh,190,Deoria,.85,.54,.32,.38,.88,.75,2.7,.8100000000000001,3.6,.65,1.3,1.5,.8100000000000001,1.8,44.6,2.6
3_9_191_0,2011,Total,3,India,9,Uttar Pradesh,191,Azamgarh,.9,.5700000000000001,.31,.38,.97,.77,2.6,.8200000000000001,4.100000000000001,.6900000000000001,1.3,1.7,.97,1.9,42.90000000000001,2.7
3_9_192_0,2011,Total,3,India,9,Uttar Pradesh,192,Mau,.84,.5700000000000001,.29,.38,.89,.73,2.4,.8,3.6,.6900000000000001,1.2,1.6,.97,1.8,40.7,2.6
3_9_193_0,2011,Total,3,India,9,Uttar Pradesh,193,Ballia,.86,.58,.36,.38,.9500000000000001,.67,2.2,.8100000000000001,3.4,.7000000000000001,1.5,1.5,1,1.6,36.4,2.6
3_9_194_0,2011,Total,3,India,9,Uttar Pradesh,194,Jaunpur,.89,,.34,.31,.75,.86,3.2,.86,3.7,,1.4,1.1,.78,2.1,53.90000000000001,2.8
3_9_195_0,2011,Total,3,India,9,Uttar Pradesh,195,Ghazipur,.86,.5600000000000001,.35,.35,.92,.86,2.2,.77,3,.6800000000000001,1.5,1.4,.98,2.1,36.3,2.5
3_9_196_0,2011,Total,3,India,9,Uttar Pradesh,196,Chandauli,.8300000000000001,,.36,.25,.77,.99,2.8,.6800000000000001,2.4,,1.5,1.1,.8200000000000001,2.4,47,2.2
3_9_197_0,2011,Total,3,India,9,Uttar Pradesh,197,Varanasi,.87,.55,.33,.3,.75,.77,2.7,.8200000000000001,3.7,.67,1.4,1.2,.78,1.9,45.6,2.7
3_9_198_0,2011,Total,3,India,9,Uttar Pradesh,198,Sant Ravidas Nagar (Bhadohi),.77,,.15,.25,.7000000000000001,.8200000000000001,3.1,.75,2.8,,.63,1,.71,2,51.6,2.4
3_9_199_0,2011,Total,3,India,9,Uttar Pradesh,199,Mirzapur,.6900000000000001,1.2,.16,.29,.71,.77,3.1,.61,2,1.4,.6800000000000001,1.1,.85,1.9,51.40000000000001,2
3_9_200_0,2011,Total,3,India,9,Uttar Pradesh,200,Sonbhadra,.5,1.1,.15,.3,.6,.55,3.1,.53,1.4,1.4,.62,.96,.72,1.3,51.40000000000001,1.7
3_9_201_0,2011,Total,3,India,9,Uttar Pradesh,201,Etah,1.1,.58,.5,.43,.9,.92,2.8,.97,3.8,.71,2.1,1.9,.86,2.2,47.2,3.1
3_9_202_0,2011,Total,3,India,9,Uttar Pradesh,202,Kanshiram Nagar,1.1,.58,.5,.43,.9,.92,2.8,.97,3.8,.71,2.1,1.9,.86,2.2,47.2,3.1
