id,spatial_data_yr,geography,L0_code,L0_name,L1_code,L1_name,L2_code,L2_name,cr_s,fo_s,n_oper_t,n_oper_gov,n_oper_pri,n_oper_fo,c_oper_t,s_pr_t,s_pr_nat,s_pr_int
3_10_203_0,2001,Total,3,India,10,Bihar,203,Pashchim Champaran,73.3,.8,,,,,,,,
3_10_204_0,2001,Total,3,India,10,Bihar,204,Purba Champaran,96.30000000000001,.1,,,,,,,,
3_10_205_0,2001,Total,3,India,10,Bihar,205,Sheohar,99.2,0,,,,,,,,
3_10_206_0,2001,Total,3,India,10,Bihar,206,Sitamarhi,98.80000000000001,0,,,,,,,,
3_10_207_0,2001,Total,3,India,10,Bihar,207,Madhubani,97.30000000000001,0,,,,,,,,
3_10_208_0,2001,Total,3,India,10,Bihar,208,Supaul,88.90000000000001,.1,,,,,,,,
3_10_209_0,2001,Total,3,India,10,Bihar,209,Araria,98.7,0,,,,,,,,
3_10_210_0,2001,Total,3,India,10,Bihar,210,Kishanganj,86.90000000000001,0,,,,,,,,
3_10_211_0,2001,Total,3,India,10,Bihar,211,Purnia,96,0,,,,,,,,
3_10_212_0,2001,Total,3,India,10,Bihar,212,Katihar,86.80000000000001,.7000000000000001,,,,,,,,
3_10_213_0,2001,Total,3,India,10,Bihar,213,Madhepura,94.7,.2,,,,,,,,
3_10_214_0,2001,Total,3,India,10,Bihar,214,Saharsa,92.2,.4,,,,,,,,
3_10_215_0,2001,Total,3,India,10,Bihar,215,Darbhanga,95,.4,,,,,,,,
3_10_216_0,2001,Total,3,India,10,Bihar,216,Muzaffarpur,96.10000000000001,.4,,,,,,,,
3_10_217_0,2001,Total,3,India,10,Bihar,217,Gopalganj,95.60000000000001,0,,,,,,,,
3_10_218_0,2001,Total,3,India,10,Bihar,218,Siwan,95.80000000000001,.4,,,,,,,,
3_10_219_0,2001,Total,3,India,10,Bihar,219,Saran,87.80000000000001,1,,,,,,,,
3_10_220_0,2001,Total,3,India,10,Bihar,220,Vaishali,89.10000000000001,.9,,,,,,,,
3_10_221_0,2001,Total,3,India,10,Bihar,221,Samastipur,94.5,.6000000000000001,,,,,,,,
3_10_222_0,2001,Total,3,India,10,Bihar,222,Begusarai,85.40000000000001,.1,,,,,,,,
3_10_223_0,2001,Total,3,India,10,Bihar,223,Khagaria,89.5,.4,,,,,,,,
3_10_224_0,2001,Total,3,India,10,Bihar,224,Bhagalpur,82.80000000000001,0,,,,,,,,
3_10_225_0,2001,Total,3,India,10,Bihar,225,Banka,75.3,0,,,,,,,,
3_10_226_0,2001,Total,3,India,10,Bihar,226,Munger,57.90000000000001,1.4,,,,,,,,
3_10_227_0,2001,Total,3,India,10,Bihar,227,Lakhisarai,77.60000000000001,2.3,,,,,,,,
3_10_228_0,2001,Total,3,India,10,Bihar,228,Sheikhpura,84.80000000000001,0,,,,,,,,
3_10_229_0,2001,Total,3,India,10,Bihar,229,Nalanda,95.30000000000001,.2,,,,,,,,
3_10_230_0,2001,Total,3,India,10,Bihar,230,Patna,80.60000000000001,.2,,,,,,,,
3_10_231_0,2001,Total,3,India,10,Bihar,231,Bhojpur,90.30000000000001,.2,,,,,,,,
3_10_232_0,2001,Total,3,India,10,Bihar,232,Buxar,90.40000000000001,0,,,,,,,,
3_10_233_0,2001,Total,3,India,10,Bihar,233,Kaimur (Bhabua),56.90000000000001,2.6,,,,,,,,
3_10_234_0,2001,Total,3,India,10,Bihar,234,Rohtas,76.40000000000001,.4,,,,,,,,
3_10_235_0,2001,Total,3,India,10,Bihar,235,Aurangabad,89.2,.1,,,,,,,,
3_10_236_0,2001,Total,3,India,10,Bihar,236,Gaya,69.40000000000001,.9,,,,,,,,
3_10_237_0,2001,Total,3,India,10,Bihar,237,Nawada,59,3.1,,,,,,,,
3_10_238_0,2001,Total,3,India,10,Bihar,238,Jamui,50.3,1.6,,,,,,,,
3_10_239_0,2001,Total,3,India,10,Bihar,239,Jehanabad,96.7,0,,,,,,,,
3_10_240_0,2001,Total,3,India,10,Bihar,240,Arwal,89.90000000000001,.3,,,,,,,,
3_11_241_0,2001,Total,3,India,11,Sikkim,241,North  District,0,3.9,,,,,,,,
3_11_242_0,2001,Total,3,India,11,Sikkim,242,West District,1.2,4.5,,,,,,,,
3_11_243_0,2001,Total,3,India,11,Sikkim,243,South District,1.1,4.9,,,,,,,,
3_11_244_0,2001,Total,3,India,11,Sikkim,244,East District,.2,4.5,,,,,,,,
3_12_245_1,2001,Total,3,India,12,India/China  1,245,Tawang,.1,11.2,,,,,,,,
3_12_246_1,2001,Total,3,India,12,India/China  1,246,West Kameng,.1,30,,,,,,,,
3_12_247_1,2001,Total,3,India,12,India/China  1,247,East Kameng,.1,43.6,,,,,,,,
3_12_248_1,2001,Total,3,India,12,India/China  1,248,Papum Pare,.3,58,,,,,,,,
3_12_248_0,2001,Total,3,India,12,Arunachal Pradesh,248,Papum Pare,.3,58,,,,,,,,
3_12_249_1,2001,Total,3,India,12,India/China  1,249,Upper Subansiri,0,29.9,,,,,,,,
3_12_250_1,2001,Total,3,India,12,India/China  1,250,West Siang,.2,42.40000000000001,,,,,,,,
3_12_250_0,2001,Total,3,India,12,Arunachal Pradesh,250,West Siang,.2,42.40000000000001,,,,,,,,
3_12_251_1,2001,Total,3,India,12,India/China  1,251,East Siang,2.8,41.90000000000001,,,,,,,,
3_12_251_0,2001,Total,3,India,12,Arunachal Pradesh,251,East Siang,2.8,41.90000000000001,,,,,,,,
3_12_252_1,2001,Total,3,India,12,India/China  1,252,Upper Siang,.2,16.6,,,,,,,,
3_12_253_0,2001,Total,3,India,12,Arunachal Pradesh,253,Changlang,.8,64,,,,,,,,
3_12_254_0,2001,Total,3,India,12,Arunachal Pradesh,254,Tirap,.1,66.7,,,,,,,,
3_12_255_1,2001,Total,3,India,12,India/China  1,255,Lower Subansiri,.1,42,,,,,,,,
3_12_256_1,2001,Total,3,India,12,India/China  1,256,Kurung Kumey,0,25.9,,,,,,,,
3_12_257_1,2001,Total,3,India,12,India/China  1,257,Dibang Valley,0,9.700000000000001,,,,,,,,
3_12_258_1,2001,Total,3,India,12,India/China  1,258,Lower Dibang Valley,3.1,21.9,,,,,,,,
3_12_258_0,2001,Total,3,India,12,Arunachal Pradesh,258,Lower Dibang Valley,3.1,21.9,,,,,,,,
3_12_259_1,2001,Total,3,India,12,India/China  1,259,Lohit,2.6,37.2,,,,,,,,
3_12_259_0,2001,Total,3,India,12,Arunachal Pradesh,259,Lohit,2.6,37.2,,,,,,,,
3_12_260_1,2001,Total,3,India,12,India/China  1,260,Anjaw,0,14,,,,,,,,
3_12_260_0,2001,Total,3,India,12,Arunachal Pradesh,260,Anjaw,0,14,,,,,,,,
3_13_261_0,2001,Total,3,India,13,Nagaland,261,Mon,.2,44.6,,,,,,,,
3_13_262_0,2001,Total,3,India,13,Nagaland,262,Mokokchung,0,58.5,,,,,,,,
3_13_263_0,2001,Total,3,India,13,Nagaland,263,Zunheboto,0,20.5,,,,,,,,
3_13_264_0,2001,Total,3,India,13,Nagaland,264,Wokha,.5,56.2,,,,,,,,
3_13_265_0,2001,Total,3,India,13,Nagaland,265,Dimapur,8.200000000000001,25.3,,,,,,,,
3_13_266_0,2001,Total,3,India,13,Nagaland,266,Phek,.2,15,,,,,,,,
3_13_267_0,2001,Total,3,India,13,Nagaland,267,Tuensang,.1,24.5,,,,,,,,
3_13_268_0,2001,Total,3,India,13,Nagaland,268,Longleng,0,48.1,,,,,,,,
3_13_269_0,2001,Total,3,India,13,Nagaland,269,Kiphire,.2,18.4,,,,,,,,
3_13_270_0,2001,Total,3,India,13,Nagaland,270,Kohima,.1,30.5,,,,,,,,
3_13_271_0,2001,Total,3,India,13,Nagaland,271,Peren,.5,72.60000000000001,,,,,,,,
3_14_272_0,2001,Total,3,India,14,Manipur,272,Senapati,1.5,25,,,,,,,,
3_14_273_0,2001,Total,3,India,14,Manipur,273,Tamenglong,.1,84.60000000000001,,,,,,,,
3_14_274_0,2001,Total,3,India,14,Manipur,274,Churachandpur,.9,70.8,,,,,,,,
3_14_275_0,2001,Total,3,India,14,Manipur,275,Bishnupur,27.4,3.3,,,,,,,,
3_14_276_0,2001,Total,3,India,14,Manipur,276,Thoubal,37.9,.9,,,,,,,,
3_14_277_0,2001,Total,3,India,14,Manipur,277,Imphal West,33.8,.6000000000000001,,,,,,,,
3_14_278_0,2001,Total,3,India,14,Manipur,278,Imphal East,17.4,22.3,,,,,,,,
3_14_279_0,2001,Total,3,India,14,Manipur,279,Ukhrul,.1,50,,,,,,,,
3_14_280_0,2001,Total,3,India,14,Manipur,280,Chandel,.5,59.5,,,,,,,,
3_15_281_0,2001,Total,3,India,15,Mizoram,281,Mamit,0,91.80000000000001,,,,,,,,
3_15_282_0,2001,Total,3,India,15,Mizoram,282,Kolasib,0,95.40000000000001,,,,,,,,
3_15_283_0,2001,Total,3,India,15,Mizoram,283,Aizawl,.1,88.60000000000001,,,,,,,,
3_15_284_0,2001,Total,3,India,15,Mizoram,284,Champhai,.1,76.7,,,,,,,,
3_15_285_0,2001,Total,3,India,15,Mizoram,285,Serchhip,0,82.2,,,,,,,,
3_15_286_0,2001,Total,3,India,15,Mizoram,286,Lunglei,0,79,,,,,,,,
3_15_287_0,2001,Total,3,India,15,Mizoram,287,Lawngtlai,0,47.8,,,,,,,,
3_15_288_0,2001,Total,3,India,15,Mizoram,288,Saiha,0,83.60000000000001,,,,,,,,
3_16_289_0,2001,Total,3,India,16,Tripura,289,West Tripura,4.9,11.4,,,,,,,,
3_16_290_0,2001,Total,3,India,16,Tripura,290,South Tripura,2.9,16.4,,,,,,,,
3_16_291_0,2001,Total,3,India,16,Tripura,291,Dhalai,1.5,39.1,,,,,,,,
3_16_292_0,2001,Total,3,India,16,Tripura,292,North Tripura,5.800000000000001,37,,,,,,,,
3_17_293_0,2001,Total,3,India,17,Meghalaya,293,West Garo Hills,7.4,2,,,,,,,,
3_17_294_0,2001,Total,3,India,17,Meghalaya,294,East Garo Hills,.3,7.9,,,,,,,,
3_17_295_0,2001,Total,3,India,17,Meghalaya,295,South Garo Hills,.8,39.5,,,,,,,,
3_17_296_0,2001,Total,3,India,17,Meghalaya,296,West Khasi Hills,.3,35.8,,,,,,,,
3_17_297_0,2001,Total,3,India,17,Meghalaya,297,Ribhoi,.7000000000000001,15.3,,,,,,,,
3_17_298_0,2001,Total,3,India,17,Meghalaya,298,East Khasi Hills,1.6,32.5,,,,,,,,
3_17_299_0,2001,Total,3,India,17,Meghalaya,299,Jaintia Hills,1.1,37,,,,,,,,
3_18_300_0,2001,Total,3,India,18,Assam,300,Kokrajhar,12.8,19.7,,,,,,,,
3_18_301_0,2001,Total,3,India,18,Assam,301,Dhubri,60.8,.1,,,,,,,,
3_18_302_0,2001,Total,3,India,18,Assam,302,Goalpara,46.90000000000001,.1,,,,,,,,
3_18_303_0,2001,Total,3,India,18,Assam,303,Barpeta,63,.4,,,,,,,,
3_18_304_0,2001,Total,3,India,18,Assam,304,Morigaon,43.3,2.4,,,,,,,,
3_18_305_0,2001,Total,3,India,18,Assam,305,Nagaon,55.8,7.4,,,,,,,,
3_18_306_0,2001,Total,3,India,18,Assam,306,Sonitpur,15.6,8.700000000000001,,,,,,,,
3_18_307_0,2001,Total,3,India,18,Assam,307,Lakhimpur,29.3,4.4,,,,,,,,
3_18_308_0,2001,Total,3,India,18,Assam,308,Dhemaji,46.7,4.9,,,,,,,,
3_18_309_0,2001,Total,3,India,18,Assam,309,Tinsukia,7.600000000000001,20.7,,,,,,,,
3_18_310_0,2001,Total,3,India,18,Assam,310,Dibrugarh,23,6.300000000000001,,,,,,,,
3_18_311_0,2001,Total,3,India,18,Assam,311,Sivasagar,50.3,4.2,,,,,,,,
3_18_312_0,2001,Total,3,India,18,Assam,312,Jorhat,30.7,5,,,,,,,,
3_18_313_0,2001,Total,3,India,18,Assam,313,Golaghat,22.5,2.9,,,,,,,,
3_18_314_0,2001,Total,3,India,18,Assam,314,Karbi Anglong,6.4,47.40000000000001,,,,,,,,
3_18_315_0,2001,Total,3,India,18,Assam,315,Dima Hasao,.2,65.90000000000001,,,,,,,,
3_18_316_0,2001,Total,3,India,18,Assam,316,Cachar,29.3,42.90000000000001,,,,,,,,
3_18_317_0,2001,Total,3,India,18,Assam,317,Karimganj,32.3,15.4,,,,,,,,
3_18_318_0,2001,Total,3,India,18,Assam,318,Hailakandi,30.3,37.8,,,,,,,,
3_18_319_0,2001,Total,3,India,18,Assam,319,Bongaigaon,47,.1,,,,,,,,
3_18_320_0,2001,Total,3,India,18,Assam,320,Chirang,19.2,16.3,,,,,,,,
3_18_321_0,2001,Total,3,India,18,Assam,321,Kamrup,35.8,8.1,,,,,,,,
3_18_322_0,2001,Total,3,India,18,Assam,322,Kamrup Metropolitan,28.9,7.600000000000001,,,,,,,,
3_18_323_0,2001,Total,3,India,18,Assam,323,Nalbari,60.2,.2,,,,,,,,
3_18_324_0,2001,Total,3,India,18,Assam,324,Baksa,46.90000000000001,4.9,,,,,,,,
3_18_325_0,2001,Total,3,India,18,Assam,325,Darrang,48.6,.4,,,,,,,,
3_18_326_0,2001,Total,3,India,18,Assam,326,Udalguri,37.2,3.6,,,,,,,,
3_19_327_0,2001,Total,3,India,19,West Bengal,327,Darjiling,14.1,7,,,,,,,,
3_19_328_0,2001,Total,3,India,19,West Bengal,328,Jalpaiguri,34.1,11.4,,,,,,,,
3_19_329_0,2001,Total,3,India,19,West Bengal,329,Koch Bihar,81.30000000000001,.1,,,,,,,,
3_19_330_0,2001,Total,3,India,19,West Bengal,330,Uttar Dinajpur,90.60000000000001,0,,,,,,,,
3_19_331_0,2001,Total,3,India,19,West Bengal,331,Dakshin Dinajpur,98.40000000000001,0,,,,,,,,
3_19_332_0,2001,Total,3,India,19,West Bengal,332,Maldah,90.40000000000001,0,,,,,,,,
3_19_333_0,2001,Total,3,India,19,West Bengal,333,Murshidabad,90.5,0,,,,,,,,
3_19_334_0,2001,Total,3,India,19,West Bengal,334,Birbhum,73.60000000000001,0,,,,,,,,
3_19_335_0,2001,Total,3,India,19,West Bengal,335,Barddhaman,74.7,.2,,,,,,,,
3_19_336_0,2001,Total,3,India,19,West Bengal,336,Nadia,93.80000000000001,.1,,,,,,,,
3_19_337_0,2001,Total,3,India,19,West Bengal,337,North Twenty Four Parganas,67.10000000000001,.5,,,,,,,,
3_19_338_0,2001,Total,3,India,19,West Bengal,338,Hugli,88.10000000000001,0,,,,,,,,
3_19_339_0,2001,Total,3,India,19,West Bengal,339,Bankura,32.9,.1,,,,,,,,
3_19_340_0,2001,Total,3,India,19,West Bengal,340,Puruliya,54,.1,,,,,,,,
3_19_341_0,2001,Total,3,India,19,West Bengal,341,Haora,74.90000000000001,.1,,,,,,,,
3_19_342_0,2001,Total,3,India,19,West Bengal,342,Kolkata,8.800000000000001,.4,,,,,,,,
3_19_343_0,2001,Total,3,India,19,West Bengal,343,South Twenty Four Parganas,53,.2,,,,,,,,
3_19_344_0,2001,Total,3,India,19,West Bengal,344,Paschim Medinipur,68.5,.2,,,,,,,,
3_19_345_0,2001,Total,3,India,19,West Bengal,345,Purba Medinipur,91.30000000000001,.1,,,,,,,,
3_1_1_0,2001,Total,3,India,1,Jammu and Kashmir,1,Kupwara,21.2,16,,,,,,,,
3_1_10_0,2001,Total,3,India,1,Jammu and Kashmir,10,Srinagar,26.9,3.2,,,,,,,,
3_1_11_0,2001,Total,3,India,1,Jammu and Kashmir,11,Ganderbal,18,4.4,,,,,,,,
3_1_12_0,2001,Total,3,India,1,Jammu and Kashmir,12,Pulwama,59.6,1.4,,,,,,,,
3_1_13_0,2001,Total,3,India,1,Jammu and Kashmir,13,Shupiyan,41.3,6.7,,,,,,,,
3_1_14_0,2001,Total,3,India,1,Jammu and Kashmir,14,Anantnag,26.6,8.700000000000001,,,,,,,,
3_1_15_0,2001,Total,3,India,1,Jammu and Kashmir,15,Kulgam,34.1,3.6,,,,,,,,
3_1_16_0,2001,Total,3,India,1,Jammu and Kashmir,16,Doda,11.6,13.9,,,,,,,,
3_1_17_0,2001,Total,3,India,1,Jammu and Kashmir,17,Ramban,21.3,5.9,,,,,,,,
3_1_18_0,2001,Total,3,India,1,Jammu and Kashmir,18,Kishtwar,6.300000000000001,5,,,,,,,,
3_1_19_0,2001,Total,3,India,1,Jammu and Kashmir,19,Udhampur,37,3.7,,,,,,,,
3_1_2_0,2001,Total,3,India,1,Jammu and Kashmir,2,Badgam,39.5,5.9,,,,,,,,
3_1_20_0,2001,Total,3,India,1,Jammu and Kashmir,20,Reasi,21.2,2.4,,,,,,,,
3_1_21_0,2001,Total,3,India,1,Jammu and Kashmir,21,Jammu,69.40000000000001,0,,,,,,,,
3_1_22_0,2001,Total,3,India,1,Jammu and Kashmir,22,Samba,86.10000000000001,.1,,,,,,,,
3_1_3_0,2001,Total,3,India,1,Jammu and Kashmir,3,Leh(Ladakh),.1,0,,,,,,,,
3_1_3_1,2001,Total,3,India,1,India/China  2,3,Leh(Ladakh),.1,0,,,,,,,,
3_1_4_0,2001,Total,3,India,1,Jammu and Kashmir,4,Kargil,.1,0,,,,,,,,
3_1_5_0,2001,Total,3,India,1,Jammu and Kashmir,5,Punch,22.1,3.9,,,,,,,,
3_1_6_0,2001,Total,3,India,1,Jammu and Kashmir,6,Rajouri,40.40000000000001,1.6,,,,,,,,
3_1_7_0,2001,Total,3,India,1,Jammu and Kashmir,7,Kathua,44.6,.8,,,,,,,,
3_1_8_0,2001,Total,3,India,1,Jammu and Kashmir,8,Baramula,36,8,,,,,,,,
3_1_9_0,2001,Total,3,India,1,Jammu and Kashmir,9,Bandipore,13.9,6.2,,,,,,,,
3_20_346_0,2001,Total,3,India,20,Jharkhand,346,Garhwa,37.3,5.9,,,,,,,,
3_20_347_0,2001,Total,3,India,20,Jharkhand,347,Chatra,13.8,3.8,,,,,,,,
3_20_348_0,2001,Total,3,India,20,Jharkhand,348,Kodarma,25,8.5,,,,,,,,
3_20_349_0,2001,Total,3,India,20,Jharkhand,349,Giridih,55.90000000000001,.6000000000000001,,,,,,,,
3_20_350_0,2001,Total,3,India,20,Jharkhand,350,Deoghar,77.30000000000001,0,,,,,,,,
3_20_351_0,2001,Total,3,India,20,Jharkhand,351,Godda,65.60000000000001,1.3,,,,,,,,
3_20_352_0,2001,Total,3,India,20,Jharkhand,352,Sahibganj,56.2,1.5,,,,,,,,
3_20_353_0,2001,Total,3,India,20,Jharkhand,353,Pakur,56,.7000000000000001,,,,,,,,
3_20_354_0,2001,Total,3,India,20,Jharkhand,354,Dhanbad,12.7,.9,,,,,,,,
3_20_355_0,2001,Total,3,India,20,Jharkhand,355,Bokaro,40.8,1.5,,,,,,,,
3_20_356_0,2001,Total,3,India,20,Jharkhand,356,Lohardaga,57.90000000000001,.9,,,,,,,,
3_20_357_0,2001,Total,3,India,20,Jharkhand,357,Purbi Singhbhum,28.7,.2,,,,,,,,
3_20_358_0,2001,Total,3,India,20,Jharkhand,358,Palamu,49.40000000000001,1.2,,,,,,,,
3_20_359_0,2001,Total,3,India,20,Jharkhand,359,Latehar,19.4,10.1,,,,,,,,
3_20_360_0,2001,Total,3,India,20,Jharkhand,360,Hazaribagh,33,2.6,,,,,,,,
3_20_361_0,2001,Total,3,India,20,Jharkhand,361,Ramgarh,64.60000000000001,.8,,,,,,,,
3_20_362_0,2001,Total,3,India,20,Jharkhand,362,Dumka,55.6,.5,,,,,,,,
3_20_363_0,2001,Total,3,India,20,Jharkhand,363,Jamtara,38.5,.1,,,,,,,,
3_20_364_0,2001,Total,3,India,20,Jharkhand,364,Ranchi,48.40000000000001,.7000000000000001,,,,,,,,
3_20_365_0,2001,Total,3,India,20,Jharkhand,365,Khunti,47.1,.5,,,,,,,,
3_20_366_0,2001,Total,3,India,20,Jharkhand,366,Gumla,63.5,.7000000000000001,,,,,,,,
3_20_367_0,2001,Total,3,India,20,Jharkhand,367,Simdega,50.40000000000001,.5,,,,,,,,
3_20_368_0,2001,Total,3,India,20,Jharkhand,368,Pashchimi Singhbhum,4.800000000000001,1.7,,,,,,,,
3_20_369_0,2001,Total,3,India,20,Jharkhand,369,Saraikela-Kharsawan,22.3,.8,,,,,,,,
3_21_370_0,2001,Total,3,India,21,Odisha,370,Bargarh,47,2.6,,,,,,,,
3_21_371_0,2001,Total,3,India,21,Odisha,371,Jharsuguda,46.1,1.1,,,,,,,,
3_21_372_0,2001,Total,3,India,21,Odisha,372,Sambalpur,18.5,9.700000000000001,,,,,,,,
3_21_373_0,2001,Total,3,India,21,Odisha,373,Debagarh,5.4,4.5,,,,,,,,
3_21_374_0,2001,Total,3,India,21,Odisha,374,Sundargarh,25.8,4.9,,,,,,,,
3_21_375_0,2001,Total,3,India,21,Odisha,375,Kendujhar,29.4,2,,,,,,,,
3_21_376_0,2001,Total,3,India,21,Odisha,376,Mayurbhanj,18.9,7.2,,,,,,,,
3_21_377_0,2001,Total,3,India,21,Odisha,377,Baleshwar,72.3,.6000000000000001,,,,,,,,
3_21_378_0,2001,Total,3,India,21,Odisha,378,Bhadrak,88.5,0,,,,,,,,
3_21_379_0,2001,Total,3,India,21,Odisha,379,Kendrapara,77.7,.4,,,,,,,,
3_21_380_0,2001,Total,3,India,21,Odisha,380,Jagatsinghapur,74.40000000000001,0,,,,,,,,
3_21_381_0,2001,Total,3,India,21,Odisha,381,Cuttack,29.3,1.6,,,,,,,,
3_21_382_0,2001,Total,3,India,21,Odisha,382,Jajapur,45.1,.2,,,,,,,,
3_21_383_0,2001,Total,3,India,21,Odisha,383,Dhenkanal,9.800000000000001,2.3,,,,,,,,
3_21_384_0,2001,Total,3,India,21,Odisha,384,Anugul,4.600000000000001,2.3,,,,,,,,
3_21_385_0,2001,Total,3,India,21,Odisha,385,Nayagarh,4.9,2.2,,,,,,,,
3_21_386_0,2001,Total,3,India,21,Odisha,386,Khordha,31.4,1.8,,,,,,,,
3_21_387_0,2001,Total,3,India,21,Odisha,387,Puri,53.7,.7000000000000001,,,,,,,,
3_21_388_0,2001,Total,3,India,21,Odisha,388,Ganjam,25.8,1.9,,,,,,,,
3_21_389_0,2001,Total,3,India,21,Odisha,389,Gajapati,4.5,1.6,,,,,,,,
3_21_390_0,2001,Total,3,India,21,Odisha,390,Kandhamal,2.2,1.7,,,,,,,,
3_21_391_0,2001,Total,3,India,21,Odisha,391,Baudh,16.6,3.8,,,,,,,,
3_21_392_0,2001,Total,3,India,21,Odisha,392,Subarnapur,35.8,2.3,,,,,,,,
3_21_393_0,2001,Total,3,India,21,Odisha,393,Balangir,46,1.4,,,,,,,,
3_21_394_0,2001,Total,3,India,21,Odisha,394,Nuapada,38.2,1.9,,,,,,,,
3_21_395_0,2001,Total,3,India,21,Odisha,395,Kalahandi,13.9,4.100000000000001,,,,,,,,
3_21_396_0,2001,Total,3,India,21,Odisha,396,Rayagada,5.2,1.6,,,,,,,,
3_21_397_0,2001,Total,3,India,21,Odisha,397,Nabarangapur,28.7,1.2,,,,,,,,
3_21_398_0,2001,Total,3,India,21,Odisha,398,Koraput,20.5,1.3,,,,,,,,
3_21_399_0,2001,Total,3,India,21,Odisha,399,Malkangiri,3.6,2.5,,,,,,,,
3_22_400_0,2001,Total,3,India,22,Chhattisgarh,400,Koriya,13.2,2,,,,,,,,
3_22_401_0,2001,Total,3,India,22,Chhattisgarh,401,Surguja,24.7,4.800000000000001,,,,,,,,
3_22_402_0,2001,Total,3,India,22,Chhattisgarh,402,Jashpur,24.5,1.2,,,,,,,,
3_22_403_0,2001,Total,3,India,22,Chhattisgarh,403,Raigarh,20.9,3.9,,,,,,,,
3_22_404_0,2001,Total,3,India,22,Chhattisgarh,404,Korba,24.7,8.700000000000001,,,,,,,,
3_22_405_0,2001,Total,3,India,22,Chhattisgarh,405,Janjgir - Champa,20,.1,,,,,,,,
3_22_406_0,2001,Total,3,India,22,Chhattisgarh,406,Bilaspur,23.6,12.5,,,,,,,,
3_22_407_0,2001,Total,3,India,22,Chhattisgarh,407,Kabeerdham,19.6,4.800000000000001,,,,,,,,
3_22_408_0,2001,Total,3,India,22,Chhattisgarh,408,Rajnandgaon,15,5.600000000000001,,,,,,,,
3_22_409_0,2001,Total,3,India,22,Chhattisgarh,409,Durg,37.2,.9,,,,,,,,
3_22_410_0,2001,Total,3,India,22,Chhattisgarh,410,Raipur,17.8,5.5,,,,,,,,
3_22_411_0,2001,Total,3,India,22,Chhattisgarh,411,Mahasamund,13.6,1,,,,,,,,
3_22_412_0,2001,Total,3,India,22,Chhattisgarh,412,Dhamtari,25.8,7.800000000000001,,,,,,,,
3_22_413_0,2001,Total,3,India,22,Chhattisgarh,413,Uttar Bastar Kanker,6.9,8,,,,,,,,
3_22_414_0,2001,Total,3,India,22,Chhattisgarh,414,Bastar,3.5,1.7,,,,,,,,
3_22_415_0,2001,Total,3,India,22,Chhattisgarh,415,Narayanpur,.4,2.7,,,,,,,,
3_22_416_0,2001,Total,3,India,22,Chhattisgarh,416,Dakshin Bastar Dantewada,.3,9.9,,,,,,,,
3_22_417_0,2001,Total,3,India,22,Chhattisgarh,417,Bijapur,.4,15.1,,,,,,,,
3_23_418_0,2001,Total,3,India,23,Madhya Pradesh,418,Sheopur,38,5.4,,,,,,,,
3_23_419_0,2001,Total,3,India,23,Madhya Pradesh,419,Morena,73.40000000000001,.2,,,,,,,,
3_23_420_0,2001,Total,3,India,23,Madhya Pradesh,420,Bhind,93.40000000000001,0,,,,,,,,
3_23_421_0,2001,Total,3,India,23,Madhya Pradesh,421,Gwalior,56.40000000000001,2.3,,,,,,,,
3_23_422_0,2001,Total,3,India,23,Madhya Pradesh,422,Datia,96.90000000000001,0,,,,,,,,
3_23_423_0,2001,Total,3,India,23,Madhya Pradesh,423,Shivpuri,57,3.1,,,,,,,,
3_23_424_0,2001,Total,3,India,23,Madhya Pradesh,424,Tikamgarh,87.60000000000001,.1,,,,,,,,
3_23_425_0,2001,Total,3,India,23,Madhya Pradesh,425,Chhatarpur,70.2,3.3,,,,,,,,
3_23_426_0,2001,Total,3,India,23,Madhya Pradesh,426,Panna,42.40000000000001,9.200000000000001,,,,,,,,
3_23_427_0,2001,Total,3,India,23,Madhya Pradesh,427,Sagar,58.90000000000001,3,,,,,,,,
3_23_428_0,2001,Total,3,India,23,Madhya Pradesh,428,Damoh,39.1,1.8,,,,,,,,
3_23_429_0,2001,Total,3,India,23,Madhya Pradesh,429,Satna,57.7,3.5,,,,,,,,
3_23_430_0,2001,Total,3,India,23,Madhya Pradesh,430,Rewa,79.60000000000001,1,,,,,,,,
3_23_431_0,2001,Total,3,India,23,Madhya Pradesh,431,Umaria,18.3,4.100000000000001,,,,,,,,
3_23_432_0,2001,Total,3,India,23,Madhya Pradesh,432,Neemuch,60.3,.1,,,,,,,,
3_23_433_0,2001,Total,3,India,23,Madhya Pradesh,433,Mandsaur,78.5,0,,,,,,,,
3_23_434_0,2001,Total,3,India,23,Madhya Pradesh,434,Ratlam,86.40000000000001,0,,,,,,,,
3_23_435_0,2001,Total,3,India,23,Madhya Pradesh,435,Ujjain,96.40000000000001,0,,,,,,,,
3_23_436_0,2001,Total,3,India,23,Madhya Pradesh,436,Shajapur,92.5,0,,,,,,,,
3_23_437_0,2001,Total,3,India,23,Madhya Pradesh,437,Dewas,63.7,1,,,,,,,,
3_23_438_0,2001,Total,3,India,23,Madhya Pradesh,438,Dhar,82.90000000000001,0,,,,,,,,
3_23_439_0,2001,Total,3,India,23,Madhya Pradesh,439,Indore,76.80000000000001,.1,,,,,,,,
3_23_440_0,2001,Total,3,India,23,Madhya Pradesh,440,Khargone (West Nimar),57.90000000000001,.3,,,,,,,,
3_23_441_0,2001,Total,3,India,23,Madhya Pradesh,441,Barwani,31.4,.1,,,,,,,,
3_23_442_0,2001,Total,3,India,23,Madhya Pradesh,442,Rajgarh,89.2,.1,,,,,,,,
3_23_443_0,2001,Total,3,India,23,Madhya Pradesh,443,Vidisha,95.60000000000001,.2,,,,,,,,
3_23_444_0,2001,Total,3,India,23,Madhya Pradesh,444,Bhopal,76.60000000000001,.3,,,,,,,,
3_23_445_0,2001,Total,3,India,23,Madhya Pradesh,445,Sehore,68.3,.9,,,,,,,,
3_23_446_0,2001,Total,3,India,23,Madhya Pradesh,446,Raisen,61.40000000000001,1.8,,,,,,,,
3_23_447_0,2001,Total,3,India,23,Madhya Pradesh,447,Betul,40.8,1.7,,,,,,,,
3_23_448_0,2001,Total,3,India,23,Madhya Pradesh,448,Harda,45.2,1.2,,,,,,,,
3_23_449_0,2001,Total,3,India,23,Madhya Pradesh,449,Hoshangabad,52.3,3.8,,,,,,,,
3_23_450_0,2001,Total,3,India,23,Madhya Pradesh,450,Katni,44.8,3,,,,,,,,
3_23_451_0,2001,Total,3,India,23,Madhya Pradesh,451,Jabalpur,57.6,.6000000000000001,,,,,,,,
3_23_452_0,2001,Total,3,India,23,Madhya Pradesh,452,Narsimhapur,66.3,2,,,,,,,,
3_23_453_0,2001,Total,3,India,23,Madhya Pradesh,453,Dindori,39.6,5,,,,,,,,
3_23_454_0,2001,Total,3,India,23,Madhya Pradesh,454,Mandla,19.5,4.100000000000001,,,,,,,,
3_23_455_0,2001,Total,3,India,23,Madhya Pradesh,455,Chhindwara,42.1,1.9,,,,,,,,
3_23_456_0,2001,Total,3,India,23,Madhya Pradesh,456,Seoni,45.3,2.7,,,,,,,,
3_23_457_0,2001,Total,3,India,23,Madhya Pradesh,457,Balaghat,18.4,15,,,,,,,,
3_23_458_0,2001,Total,3,India,23,Madhya Pradesh,458,Guna,74.40000000000001,.7000000000000001,,,,,,,,
3_23_459_0,2001,Total,3,India,23,Madhya Pradesh,459,Ashoknagar,68.7,1.2,,,,,,,,
3_23_460_0,2001,Total,3,India,23,Madhya Pradesh,460,Shahdol,34.2,2.3,,,,,,,,
3_23_461_0,2001,Total,3,India,23,Madhya Pradesh,461,Anuppur,44.7,.9,,,,,,,,
3_23_462_0,2001,Total,3,India,23,Madhya Pradesh,462,Sidhi,54.7,3.3,,,,,,,,
3_23_463_0,2001,Total,3,India,23,Madhya Pradesh,463,Singrauli,56.7,3.1,,,,,,,,
3_23_464_0,2001,Total,3,India,23,Madhya Pradesh,464,Jhabua,69.40000000000001,0,,,,,,,,
3_23_465_0,2001,Total,3,India,23,Madhya Pradesh,465,Alirajpur,71.5,.5,,,,,,,,
3_23_466_0,2001,Total,3,India,23,Madhya Pradesh,466,Khandwa (East Nimar),39.1,1.6,,,,,,,,
3_23_467_0,2001,Total,3,India,23,Madhya Pradesh,467,Burhanpur,42.7,1.6,,,,,,,,
3_24_468_0,2001,Total,3,India,24,Gujarat,468,Kachchh,4.800000000000001,.2,,,,,,,,
3_24_469_0,2001,Total,3,India,24,Gujarat,469,Banas Kantha,72.90000000000001,0,,,,,,,,
3_24_470_0,2001,Total,3,India,24,Gujarat,470,Patan,53.3,0,,,,,,,,
3_24_471_0,2001,Total,3,India,24,Gujarat,471,Mahesana,94.40000000000001,0,,,,,,,,
3_24_472_0,2001,Total,3,India,24,Gujarat,472,Sabar Kantha,81.90000000000001,.2,,,,,,,,
3_24_473_0,2001,Total,3,India,24,Gujarat,473,Gandhinagar,79.30000000000001,0,,,,,,,,
3_24_474_0,2001,Total,3,India,24,Gujarat,474,Ahmadabad,61.40000000000001,0,,,,,,,,
3_24_475_0,2001,Total,3,India,24,Gujarat,475,Surendranagar,60.1,0,,,,,,,,
3_24_476_0,2001,Total,3,India,24,Gujarat,476,Rajkot,72,0,,,,,,,,
3_24_477_0,2001,Total,3,India,24,Gujarat,477,Jamnagar,63.1,0,,,,,,,,
3_24_478_0,2001,Total,3,India,24,Gujarat,478,Porbandar,70.60000000000001,0,,,,,,,,
3_24_479_0,2001,Total,3,India,24,Gujarat,479,Junagadh,48.2,.6000000000000001,,,,,,,,
3_24_480_0,2001,Total,3,India,24,Gujarat,480,Amreli,79.30000000000001,0,,,,,,,,
3_24_481_0,2001,Total,3,India,24,Gujarat,481,Bhavnagar,65.60000000000001,0,,,,,,,,
3_24_482_0,2001,Total,3,India,24,Gujarat,482,Anand,47.5,0,,,,,,,,
3_24_483_0,2001,Total,3,India,24,Gujarat,483,Kheda,87.80000000000001,0,,,,,,,,
3_24_484_0,2001,Total,3,India,24,Gujarat,484,Panch Mahals,79.40000000000001,0,,,,,,,,
3_24_485_0,2001,Total,3,India,24,Gujarat,485,Dohad,68.60000000000001,.3,,,,,,,,
3_24_486_0,2001,Total,3,India,24,Gujarat,486,Vadodara,77.90000000000001,.1,,,,,,,,
3_24_487_0,2001,Total,3,India,24,Gujarat,487,Narmada,59.8,1.2,,,,,,,,
3_24_488_0,2001,Total,3,India,24,Gujarat,488,Bharuch,51.40000000000001,0,,,,,,,,
3_24_489_0,2001,Total,3,India,24,Gujarat,489,The Dangs,5.800000000000001,3.6,,,,,,,,
3_24_490_0,2001,Total,3,India,24,Gujarat,490,Navsari,46.7,.5,,,,,,,,
3_24_491_0,2001,Total,3,India,24,Gujarat,491,Valsad,31.6,.7000000000000001,,,,,,,,
3_24_492_0,2001,Total,3,India,24,Gujarat,492,Surat,66.3,.6000000000000001,,,,,,,,
3_24_493_0,2001,Total,3,India,24,Gujarat,493,Tapi,43.90000000000001,.9,,,,,,,,
3_25_494_0,2001,Total,3,India,25,Daman & Diu,494,Diu,10.4,.1,,,,,,,,
3_25_495_0,2001,Total,3,India,25,Daman & Diu,495,Daman,25.5,1.1,,,,,,,,
3_26_496_0,2001,Total,3,India,26,Dadra & Nagar Haveli,496,Dadra & Nagar Haveli,11.2,1.6,,,,,,,,
3_27_497_0,2001,Total,3,India,27,Maharashtra,497,Nandurbar,48.5,.5,,,,,,,,
3_27_498_0,2001,Total,3,India,27,Maharashtra,498,Dhule,67.8,0,,,,,,,,
3_27_499_0,2001,Total,3,India,27,Maharashtra,499,Jalgaon,81.2,.3,,,,,,,,
3_27_500_0,2001,Total,3,India,27,Maharashtra,500,Buldana,89.10000000000001,0,,,,,,,,
3_27_501_0,2001,Total,3,India,27,Maharashtra,501,Akola,90.7,0,,,,,,,,
3_27_502_0,2001,Total,3,India,27,Maharashtra,502,Washim,97.90000000000001,0,,,,,,,,
3_27_503_0,2001,Total,3,India,27,Maharashtra,503,Amravati,65.5,.9,,,,,,,,
3_27_504_0,2001,Total,3,India,27,Maharashtra,504,Wardha,81.80000000000001,.6000000000000001,,,,,,,,
3_27_505_0,2001,Total,3,India,27,Maharashtra,505,Nagpur,49.3,2.3,,,,,,,,
3_27_506_0,2001,Total,3,India,27,Maharashtra,506,Bhandara,47.1,4.600000000000001,,,,,,,,
3_27_507_0,2001,Total,3,India,27,Maharashtra,507,Gondiya,18.9,12.4,,,,,,,,
3_27_508_0,2001,Total,3,India,27,Maharashtra,508,Gadchiroli,3.6,19.5,,,,,,,,
3_27_509_0,2001,Total,3,India,27,Maharashtra,509,Chandrapur,32.1,3.3,,,,,,,,
3_27_510_0,2001,Total,3,India,27,Maharashtra,510,Yavatmal,86.10000000000001,.3,,,,,,,,
3_27_511_0,2001,Total,3,India,27,Maharashtra,511,Nanded,85.30000000000001,.1,,,,,,,,
3_27_512_0,2001,Total,3,India,27,Maharashtra,512,Hingoli,93.2,0,,,,,,,,
3_27_513_0,2001,Total,3,India,27,Maharashtra,513,Parbhani,88.10000000000001,0,,,,,,,,
3_27_514_0,2001,Total,3,India,27,Maharashtra,514,Jalna,97.10000000000001,0,,,,,,,,
3_27_515_0,2001,Total,3,India,27,Maharashtra,515,Aurangabad,87.40000000000001,0,,,,,,,,
3_27_516_0,2001,Total,3,India,27,Maharashtra,516,Nashik,65.5,.1,,,,,,,,
3_27_517_0,2001,Total,3,India,27,Maharashtra,517,Thane,14,3.4,,,,,,,,
3_27_518_0,2001,Total,3,India,27,Maharashtra,518,Mumbai Suburban,7.5,2.5,,,,,,,,
3_27_519_0,2001,Total,3,India,27,Maharashtra,519,Mumbai,.4,.5,,,,,,,,
3_27_520_0,2001,Total,3,India,27,Maharashtra,520,Raigarh,11.7,2.4,,,,,,,,
3_27_521_0,2001,Total,3,India,27,Maharashtra,521,Pune,65.2,.6000000000000001,,,,,,,,
3_27_522_0,2001,Total,3,India,27,Maharashtra,522,Ahmadnagar,83.90000000000001,0,,,,,,,,
3_27_523_0,2001,Total,3,India,27,Maharashtra,523,Bid,95.5,0,,,,,,,,
3_27_524_0,2001,Total,3,India,27,Maharashtra,524,Latur,97.30000000000001,0,,,,,,,,
3_27_525_0,2001,Total,3,India,27,Maharashtra,525,Osmanabad,95.90000000000001,0,,,,,,,,
3_27_526_0,2001,Total,3,India,27,Maharashtra,526,Solapur,86.60000000000001,.1,,,,,,,,
3_27_527_0,2001,Total,3,India,27,Maharashtra,527,Satara,55.7,.8,,,,,,,,
3_27_528_0,2001,Total,3,India,27,Maharashtra,528,Ratnagiri,6.9,1.9,,,,,,,,
3_27_529_0,2001,Total,3,India,27,Maharashtra,529,Sindhudurg,10.7,5.2,,,,,,,,
3_27_530_0,2001,Total,3,India,27,Maharashtra,530,Kolhapur,31.6,1.7,,,,,,,,
3_27_531_0,2001,Total,3,India,27,Maharashtra,531,Sangli,77.90000000000001,.2,,,,,,,,
3_28_532_0,2001,Total,3,India,28,Andhra Pradesh,532,Adilabad,43.8,2.4,,,,,,,,
3_28_533_0,2001,Total,3,India,28,Andhra Pradesh,533,Nizamabad,52.2,.5,,,,,,,,
3_28_534_0,2001,Total,3,India,28,Andhra Pradesh,534,Karimnagar,29.7,1.9,,,,,,,,
3_28_535_0,2001,Total,3,India,28,Andhra Pradesh,535,Medak,63.40000000000001,.1,,,,,,,,
3_28_536_0,2001,Total,3,India,28,Andhra Pradesh,536,Hyderabad,0,0,,,,,,,,
3_28_537_0,2001,Total,3,India,28,Andhra Pradesh,537,Rangareddy,61.6,.1,,,,,,,,
3_28_538_0,2001,Total,3,India,28,Andhra Pradesh,538,Mahbubnagar,83.40000000000001,.8,,,,,,,,
3_28_539_0,2001,Total,3,India,28,Andhra Pradesh,539,Nalgonda,83.40000000000001,.1,,,,,,,,
3_28_540_0,2001,Total,3,India,28,Andhra Pradesh,540,Warangal,43.1,3.3,,,,,,,,
3_28_541_0,2001,Total,3,India,28,Andhra Pradesh,541,Khammam,9.300000000000001,3.9,,,,,,,,
3_28_542_0,2001,Total,3,India,28,Andhra Pradesh,542,Srikakulam,36.7,2.2,,,,,,,,
3_28_543_0,2001,Total,3,India,28,Andhra Pradesh,543,Vizianagaram,32.8,2,,,,,,,,
3_28_544_0,2001,Total,3,India,28,Andhra Pradesh,544,Visakhapatnam,3.7,1.8,,,,,,,,
3_28_545_0,2001,Total,3,India,28,Andhra Pradesh,545,East Godavari,29.8,2.2,,,,,,,,
3_28_546_0,2001,Total,3,India,28,Andhra Pradesh,546,West Godavari,51.1,.5,,,,,,,,
3_28_547_0,2001,Total,3,India,28,Andhra Pradesh,547,Krishna,54.7,.8,,,,,,,,
3_28_548_0,2001,Total,3,India,28,Andhra Pradesh,548,Guntur,60.7,1.9,,,,,,,,
3_28_549_0,2001,Total,3,India,28,Andhra Pradesh,549,Prakasam,36,3,,,,,,,,
3_28_550_0,2001,Total,3,India,28,Andhra Pradesh,550,Sri Potti Sriramulu Nellore,24.3,.9,,,,,,,,
3_28_551_0,2001,Total,3,India,28,Andhra Pradesh,551,Y.S.R.,28.6,4.600000000000001,,,,,,,,
3_28_552_0,2001,Total,3,India,28,Andhra Pradesh,552,Kurnool,71.5,2,,,,,,,,
3_28_553_0,2001,Total,3,India,28,Andhra Pradesh,553,Anantapur,84.60000000000001,0,,,,,,,,
3_28_554_0,2001,Total,3,India,28,Andhra Pradesh,554,Chittoor,23.4,2.5,,,,,,,,
3_29_555_0,2001,Total,3,India,29,Karnataka,555,Belgaum,59.8,.8,,,,,,,,
3_29_556_0,2001,Total,3,India,29,Karnataka,556,Bagalkot,78.7,0,,,,,,,,
3_29_557_0,2001,Total,3,India,29,Karnataka,557,Bijapur,89.5,0,,,,,,,,
3_29_558_0,2001,Total,3,India,29,Karnataka,558,Bidar,94.5,0,,,,,,,,
3_29_559_0,2001,Total,3,India,29,Karnataka,559,Raichur,90.90000000000001,0,,,,,,,,
3_29_560_0,2001,Total,3,India,29,Karnataka,560,Koppal,91.80000000000001,0,,,,,,,,
3_29_561_0,2001,Total,3,India,29,Karnataka,561,Gadag,84.40000000000001,0,,,,,,,,
3_29_562_0,2001,Total,3,India,29,Karnataka,562,Dharwad,63.3,.3,,,,,,,,
3_29_563_0,2001,Total,3,India,29,Karnataka,563,Uttara Kannada,2.6,26.9,,,,,,,,
3_29_564_0,2001,Total,3,India,29,Karnataka,564,Haveri,81.5,0,,,,,,,,
3_29_565_0,2001,Total,3,India,29,Karnataka,565,Bellary,85.60000000000001,.1,,,,,,,,
3_29_566_0,2001,Total,3,India,29,Karnataka,566,Chitradurga,80.60000000000001,0,,,,,,,,
3_29_567_0,2001,Total,3,India,29,Karnataka,567,Davanagere,84.60000000000001,0,,,,,,,,
3_29_568_0,2001,Total,3,India,29,Karnataka,568,Shimoga,11.9,6.600000000000001,,,,,,,,
3_29_569_0,2001,Total,3,India,29,Karnataka,569,Udupi,4.600000000000001,20.3,,,,,,,,
3_29_570_0,2001,Total,3,India,29,Karnataka,570,Chikmagalur,23.1,13.3,,,,,,,,
3_29_571_0,2001,Total,3,India,29,Karnataka,571,Tumkur,73,.1,,,,,,,,
3_29_572_0,2001,Total,3,India,29,Karnataka,572,Bangalore,24.9,.1,,,,,,,,
3_29_573_0,2001,Total,3,India,29,Karnataka,573,Mandya,47.40000000000001,.1,,,,,,,,
3_29_574_0,2001,Total,3,India,29,Karnataka,574,Hassan,59.3,5.600000000000001,,,,,,,,
3_29_575_0,2001,Total,3,India,29,Karnataka,575,Dakshina Kannada,1.8,31.9,,,,,,,,
3_29_576_0,2001,Total,3,India,29,Karnataka,576,Kodagu,2.8,42.7,,,,,,,,
3_29_577_0,2001,Total,3,India,29,Karnataka,577,Mysore,44.90000000000001,.4,,,,,,,,
3_29_578_0,2001,Total,3,India,29,Karnataka,578,Chamarajanagar,19.1,3.6,,,,,,,,
3_29_579_0,2001,Total,3,India,29,Karnataka,579,Gulbarga,96.10000000000001,.1,,,,,,,,
3_29_580_0,2001,Total,3,India,29,Karnataka,580,Yadgir,89.5,0,,,,,,,,
3_29_581_0,2001,Total,3,India,29,Karnataka,581,Kolar,43.3,.2,,,,,,,,
3_29_582_0,2001,Total,3,India,29,Karnataka,582,Chikkaballapura,56.8,.1,,,,,,,,
3_29_583_0,2001,Total,3,India,29,Karnataka,583,Bangalore Rural,45,.1,,,,,,,,
3_29_584_0,2001,Total,3,India,29,Karnataka,584,Ramanagara,27.8,.7000000000000001,,,,,,,,
3_2_23_0,2001,Total,3,India,2,Himachal Pradesh,23,Chamba,10.2,2.7,,,,,,,,
3_2_24_0,2001,Total,3,India,2,Himachal Pradesh,24,Kangra,25.1,.5,,,,,,,,
3_2_25_0,2001,Total,3,India,2,Himachal Pradesh,25,Lahul & Spiti,.3,.3,,,,,,,,
3_2_26_0,2001,Total,3,India,2,Himachal Pradesh,26,Kullu,4.3,2.2,,,,,,,,
3_2_27_0,2001,Total,3,India,2,Himachal Pradesh,27,Mandi,13.9,1.2,,,,,,,,
3_2_28_0,2001,Total,3,India,2,Himachal Pradesh,28,Hamirpur,33.2,0,,,,,,,,
3_2_29_0,2001,Total,3,India,2,Himachal Pradesh,29,Una,33.6,.1,,,,,,,,
3_2_30_0,2001,Total,3,India,2,Himachal Pradesh,30,Bilaspur,24.9,.6000000000000001,,,,,,,,
3_2_31_0,2001,Total,3,India,2,Himachal Pradesh,31,Solan,21.4,.1,,,,,,,,
3_2_32_0,2001,Total,3,India,2,Himachal Pradesh,32,Sirmaur,17.3,.6000000000000001,,,,,,,,
3_2_33_0,2001,Total,3,India,2,Himachal Pradesh,33,Shimla,8.700000000000001,3.7,,,,,,,,
3_2_34_0,2001,Total,3,India,2,Himachal Pradesh,34,Kinnaur,2,1.1,,,,,,,,
3_30_585_0,2001,Total,3,India,30,Goa,585,North Goa,3.1,11.8,,,,,,,,
3_30_586_0,2001,Total,3,India,30,Goa,586,South Goa,6.100000000000001,24.1,,,,,,,,
3_31_587_0,2001,Total,3,India,31,Lakshadweep,587,Lakshadweep,0,1.5,,,,,,,,
3_32_588_0,2001,Total,3,India,32,Kerala,588,Kasaragod,10.7,28.1,,,,,,,,
3_32_589_0,2001,Total,3,India,32,Kerala,589,Kannur,5.7,64,,,,,,,,
3_32_590_0,2001,Total,3,India,32,Kerala,590,Wayanad,4.100000000000001,33.6,,,,,,,,
3_32_591_0,2001,Total,3,India,32,Kerala,591,Kozhikode,3,75.2,,,,,,,,
3_32_592_0,2001,Total,3,India,32,Kerala,592,Malappuram,7.4,44.8,,,,,,,,
3_32_593_0,2001,Total,3,India,32,Kerala,593,Palakkad,14.1,26.5,,,,,,,,
3_32_594_0,2001,Total,3,India,32,Kerala,594,Thrissur,8.1,36.5,,,,,,,,
3_32_595_0,2001,Total,3,India,32,Kerala,595,Ernakulam,7.300000000000001,51.8,,,,,,,,
3_32_596_0,2001,Total,3,India,32,Kerala,596,Idukki,.4,58.90000000000001,,,,,,,,
3_32_597_0,2001,Total,3,India,32,Kerala,597,Kottayam,6.800000000000001,71.8,,,,,,,,
3_32_598_0,2001,Total,3,India,32,Kerala,598,Alappuzha,17.3,29.4,,,,,,,,
3_32_599_0,2001,Total,3,India,32,Kerala,599,Pathanamthitta,1.3,88.7,,,,,,,,
3_32_600_0,2001,Total,3,India,32,Kerala,600,Kollam,2.9,59,,,,,,,,
3_32_601_0,2001,Total,3,India,32,Kerala,601,Thiruvananthapuram,3.1,58,,,,,,,,
3_33_602_0,2001,Total,3,India,33,Tamil Nadu,602,Thiruvallur,38.3,.2,,,,,,,,
3_33_603_0,2001,Total,3,India,33,Tamil Nadu,603,Chennai,1,.5,,,,,,,,
3_33_604_0,2001,Total,3,India,33,Tamil Nadu,604,Kancheepuram,19,.2,,,,,,,,
3_33_605_0,2001,Total,3,India,33,Tamil Nadu,605,Vellore,17.4,2.1,,,,,,,,
3_33_606_0,2001,Total,3,India,33,Tamil Nadu,606,Tiruvannamalai,18.2,1.1,,,,,,,,
3_33_607_0,2001,Total,3,India,33,Tamil Nadu,607,Viluppuram,33.9,.2,,,,,,,,
3_33_608_0,2001,Total,3,India,33,Tamil Nadu,608,Salem,21.9,2.2,,,,,,,,
3_33_609_0,2001,Total,3,India,33,Tamil Nadu,609,Namakkal,39.5,1.6,,,,,,,,
3_33_610_0,2001,Total,3,India,33,Tamil Nadu,610,Erode,34.3,2.3,,,,,,,,
3_33_611_0,2001,Total,3,India,33,Tamil Nadu,611,The Nilgiris,1.6,22.2,,,,,,,,
3_33_612_0,2001,Total,3,India,33,Tamil Nadu,612,Dindigul,27.1,8,,,,,,,,
3_33_613_0,2001,Total,3,India,33,Tamil Nadu,613,Karur,31.1,.1,,,,,,,,
3_33_614_0,2001,Total,3,India,33,Tamil Nadu,614,Tiruchirappalli,35.7,1.1,,,,,,,,
3_33_615_0,2001,Total,3,India,33,Tamil Nadu,615,Perambalur,23.5,.5,,,,,,,,
3_33_616_0,2001,Total,3,India,33,Tamil Nadu,616,Ariyalur,44.7,0,,,,,,,,
3_33_617_0,2001,Total,3,India,33,Tamil Nadu,617,Cuddalore,66.40000000000001,.1,,,,,,,,
3_33_618_0,2001,Total,3,India,33,Tamil Nadu,618,Nagapattinam,75.8,.3,,,,,,,,
3_33_619_0,2001,Total,3,India,33,Tamil Nadu,619,Thiruvarur,87,.1,,,,,,,,
3_33_620_0,2001,Total,3,India,33,Tamil Nadu,620,Thanjavur,66.8,0,,,,,,,,
3_33_621_0,2001,Total,3,India,33,Tamil Nadu,621,Pudukkottai,29.4,0,,,,,,,,
3_33_622_0,2001,Total,3,India,33,Tamil Nadu,622,Sivaganga,37.3,0,,,,,,,,
3_33_623_0,2001,Total,3,India,33,Tamil Nadu,623,Madurai,29.6,.4,,,,,,,,
3_33_624_0,2001,Total,3,India,33,Tamil Nadu,624,Theni,19.2,8.200000000000001,,,,,,,,
3_33_625_0,2001,Total,3,India,33,Tamil Nadu,625,Virudhunagar,38.2,1.3,,,,,,,,
3_33_626_0,2001,Total,3,India,33,Tamil Nadu,626,Ramanathapuram,42.90000000000001,0,,,,,,,,
3_33_627_0,2001,Total,3,India,33,Tamil Nadu,627,Thoothukkudi,37.7,0,,,,,,,,
3_33_628_0,2001,Total,3,India,33,Tamil Nadu,628,Tirunelveli,21.9,9.1,,,,,,,,
3_33_629_0,2001,Total,3,India,33,Tamil Nadu,629,Kanniyakumari,12.6,28,,,,,,,,
3_33_630_0,2001,Total,3,India,33,Tamil Nadu,630,Dharmapuri,19.4,2.3,,,,,,,,
3_33_631_0,2001,Total,3,India,33,Tamil Nadu,631,Krishnagiri,26.4,1.2,,,,,,,,
3_33_632_0,2001,Total,3,India,33,Tamil Nadu,632,Coimbatore,38.2,9.300000000000001,,,,,,,,
3_33_633_0,2001,Total,3,India,33,Tamil Nadu,633,Tiruppur,60,1.4,,,,,,,,
3_34_634_0,2001,Total,3,India,34,Puducherry,634,Yanam,51.7,1.1,,,,,,,,
3_34_635_0,2001,Total,3,India,34,Puducherry,635,Puducherry,65.2,0,,,,,,,,
3_34_636_0,2001,Total,3,India,34,Puducherry,636,Mahe,6.300000000000001,56.2,,,,,,,,
3_34_637_0,2001,Total,3,India,34,Puducherry,637,Karaikal,55.8,0,,,,,,,,
3_35_638_0,2001,Total,3,India,35,Andaman & Nicobar Islands,638,Nicobars,.5,73.5,,,,,,,,
3_35_639_0,2001,Total,3,India,35,Andaman & Nicobar Islands,639,North  & Middle Andaman,.1,80.2,,,,,,,,
3_35_640_0,2001,Total,3,India,35,Andaman & Nicobar Islands,640,South Andaman,.3,78.7,,,,,,,,
3_3_35_0,2001,Total,3,India,3,Punjab,35,Gurdaspur,91.10000000000001,0,,,,,,,,
3_3_36_0,2001,Total,3,India,3,Punjab,36,Kapurthala,97,0,,,,,,,,
3_3_37_0,2001,Total,3,India,3,Punjab,37,Jalandhar,95.40000000000001,0,,,,,,,,
3_3_38_0,2001,Total,3,India,3,Punjab,38,Hoshiarpur,79.7,0,,,,,,,,
3_3_39_0,2001,Total,3,India,3,Punjab,39,Shahid Bhagat Singh Nagar,94.80000000000001,0,,,,,,,,
3_3_40_0,2001,Total,3,India,3,Punjab,40,Fatehgarh Sahib,98.7,0,,,,,,,,
3_3_41_0,2001,Total,3,India,3,Punjab,41,Ludhiana,94.7,0,,,,,,,,
3_3_42_0,2001,Total,3,India,3,Punjab,42,Moga,98.90000000000001,0,,,,,,,,
3_3_43_0,2001,Total,3,India,3,Punjab,43,Firozpur,93.5,0,,,,,,,,
3_3_44_0,2001,Total,3,India,3,Punjab,44,Muktsar,98.2,0,,,,,,,,
3_3_45_0,2001,Total,3,India,3,Punjab,45,Faridkot,97.90000000000001,0,,,,,,,,
3_3_46_0,2001,Total,3,India,3,Punjab,46,Bathinda,97.60000000000001,0,,,,,,,,
3_3_47_0,2001,Total,3,India,3,Punjab,47,Mansa,99.2,0,,,,,,,,
3_3_48_0,2001,Total,3,India,3,Punjab,48,Patiala,96.80000000000001,0,,,,,,,,
3_3_49_0,2001,Total,3,India,3,Punjab,49,Amritsar,95.2,0,,,,,,,,
3_3_50_0,2001,Total,3,India,3,Punjab,50,Tarn Taran,98.10000000000001,0,,,,,,,,
3_3_51_0,2001,Total,3,India,3,Punjab,51,Rupnagar,84.40000000000001,0,,,,,,,,
3_3_52_0,2001,Total,3,India,3,Punjab,52,Sahibzada Ajit Singh Nagar,85.7,0,,,,,,,,
3_3_53_0,2001,Total,3,India,3,Punjab,53,Sangrur,98.40000000000001,0,,,,,,,,
3_3_54_0,2001,Total,3,India,3,Punjab,54,Barnala,98.90000000000001,0,,,,,,,,
3_4_55_0,2001,Total,3,India,4,Chandigarh,55,Chandigarh,16.8,0,,,,,,,,
3_5_56_0,2001,Total,3,India,5,Uttarakhand,56,Uttarkashi,3.5,1,,,,,,,,
3_5_57_0,2001,Total,3,India,5,Uttarakhand,57,Chamoli,2.3,.5,,,,,,,,
3_5_58_0,2001,Total,3,India,5,Uttarakhand,58,Rudraprayag,3.5,.4,,,,,,,,
3_5_59_0,2001,Total,3,India,5,Uttarakhand,59,Tehri Garhwal,7.600000000000001,.2,,,,,,,,
3_5_60_0,2001,Total,3,India,5,Uttarakhand,60,Dehradun,17,2.4,,,,,,,,
3_5_61_0,2001,Total,3,India,5,Uttarakhand,61,Garhwal,8.4,.3,,,,,,,,
3_5_62_0,2001,Total,3,India,5,Uttarakhand,62,Pithoragarh,2.6,.4,,,,,,,,
3_5_63_0,2001,Total,3,India,5,Uttarakhand,63,Bageshwar,3.6,.3,,,,,,,,
3_5_64_0,2001,Total,3,India,5,Uttarakhand,64,Almora,14.9,.2,,,,,,,,
3_5_65_0,2001,Total,3,India,5,Uttarakhand,65,Champawat,9.200000000000001,.1,,,,,,,,
3_5_66_0,2001,Total,3,India,5,Uttarakhand,66,Nainital,9.600000000000001,.7000000000000001,,,,,,,,
3_5_67_0,2001,Total,3,India,5,Uttarakhand,67,Udham Singh Nagar,61.8,.2,,,,,,,,
3_5_68_0,2001,Total,3,India,5,Uttarakhand,68,Hardwar,72.10000000000001,.1,,,,,,,,
3_6_69_0,2001,Total,3,India,6,Haryana,69,Panchkula,61.6,0,,,,,,,,
3_6_70_0,2001,Total,3,India,6,Haryana,70,Ambala,95.40000000000001,0,,,,,,,,
3_6_71_0,2001,Total,3,India,6,Haryana,71,Yamunanagar,87,0,,,,,,,,
3_6_72_0,2001,Total,3,India,6,Haryana,72,Kurukshetra,96.30000000000001,0,,,,,,,,
3_6_73_0,2001,Total,3,India,6,Haryana,73,Kaithal,98,0,,,,,,,,
3_6_74_0,2001,Total,3,India,6,Haryana,74,Karnal,96.5,0,,,,,,,,
3_6_75_0,2001,Total,3,India,6,Haryana,75,Panipat,91.2,0,,,,,,,,
3_6_76_0,2001,Total,3,India,6,Haryana,76,Sonipat,96.2,0,,,,,,,,
3_6_77_0,2001,Total,3,India,6,Haryana,77,Jind,98.5,0,,,,,,,,
3_6_78_0,2001,Total,3,India,6,Haryana,78,Fatehabad,98.2,0,,,,,,,,
3_6_79_0,2001,Total,3,India,6,Haryana,79,Sirsa,92.80000000000001,0,,,,,,,,
3_6_80_0,2001,Total,3,India,6,Haryana,80,Hisar,93,0,,,,,,,,
3_6_81_0,2001,Total,3,India,6,Haryana,81,Bhiwani,82.80000000000001,0,,,,,,,,
3_6_82_0,2001,Total,3,India,6,Haryana,82,Rohtak,96.10000000000001,0,,,,,,,,
3_6_83_0,2001,Total,3,India,6,Haryana,83,Jhajjar,96.80000000000001,0,,,,,,,,
3_6_84_0,2001,Total,3,India,6,Haryana,84,Mahendragarh,92.30000000000001,0,,,,,,,,
3_6_85_0,2001,Total,3,India,6,Haryana,85,Rewari,97.90000000000001,0,,,,,,,,
3_6_86_0,2001,Total,3,India,6,Haryana,86,Gurgaon,88.80000000000001,0,,,,,,,,
3_6_87_0,2001,Total,3,India,6,Haryana,87,Mewat,95.40000000000001,0,,,,,,,,
3_6_88_0,2001,Total,3,India,6,Haryana,88,Faridabad,75.7,0,,,,,,,,
3_6_89_0,2001,Total,3,India,6,Haryana,89,Palwal,98.2,0,,,,,,,,
3_7_90_0,2001,Total,3,India,7,NCT Of Delhi,90,North West,48.40000000000001,0,,,,,,,,
3_7_91_0,2001,Total,3,India,7,NCT Of Delhi,91,North,13.3,0,,,,,,,,
3_7_92_0,2001,Total,3,India,7,NCT Of Delhi,92,North East,1.2,0,,,,,,,,
3_7_93_0,2001,Total,3,India,7,NCT Of Delhi,93,East,3.9,0,,,,,,,,
3_7_94_0,2001,Total,3,India,7,NCT Of Delhi,94,New Delhi,.8,0,,,,,,,,
3_7_95_0,2001,Total,3,India,7,NCT Of Delhi,95,Central,5.2,0,,,,,,,,
3_7_96_0,2001,Total,3,India,7,NCT Of Delhi,96,West,8.4,0,,,,,,,,
3_7_97_0,2001,Total,3,India,7,NCT Of Delhi,97,South West,45.6,0,,,,,,,,
3_7_98_0,2001,Total,3,India,7,NCT Of Delhi,98,South,21,0,,,,,,,,
3_8_100_0,2001,Total,3,India,8,Rajasthan,100,Hanumangarh,44.40000000000001,0,,,,,,,,
3_8_101_0,2001,Total,3,India,8,Rajasthan,101,Bikaner,5.5,0,,,,,,,,
3_8_102_0,2001,Total,3,India,8,Rajasthan,102,Churu,37.7,0,,,,,,,,
3_8_103_0,2001,Total,3,India,8,Rajasthan,103,Jhunjhunun,70.60000000000001,0,,,,,,,,
3_8_104_0,2001,Total,3,India,8,Rajasthan,104,Alwar,92.40000000000001,0,,,,,,,,
3_8_105_0,2001,Total,3,India,8,Rajasthan,105,Bharatpur,94.90000000000001,0,,,,,,,,
3_8_106_0,2001,Total,3,India,8,Rajasthan,106,Dhaulpur,71.8,.1,,,,,,,,
3_8_107_0,2001,Total,3,India,8,Rajasthan,107,Karauli,47.2,.1,,,,,,,,
3_8_108_0,2001,Total,3,India,8,Rajasthan,108,Sawai Madhopur,76,.3,,,,,,,,
3_8_109_0,2001,Total,3,India,8,Rajasthan,109,Dausa,97.2,0,,,,,,,,
3_8_110_0,2001,Total,3,India,8,Rajasthan,110,Jaipur,85.2,0,,,,,,,,
3_8_111_0,2001,Total,3,India,8,Rajasthan,111,Sikar,68.7,0,,,,,,,,
3_8_112_0,2001,Total,3,India,8,Rajasthan,112,Nagaur,59.8,0,,,,,,,,
3_8_113_0,2001,Total,3,India,8,Rajasthan,113,Jodhpur,32.5,0,,,,,,,,
3_8_114_0,2001,Total,3,India,8,Rajasthan,114,Jaisalmer,.2,0,,,,,,,,
3_8_115_0,2001,Total,3,India,8,Rajasthan,115,Barmer,22.9,0,,,,,,,,
3_8_116_0,2001,Total,3,India,8,Rajasthan,116,Jalor,77.7,0,,,,,,,,
3_8_117_0,2001,Total,3,India,8,Rajasthan,117,Sirohi,49.5,.2,,,,,,,,
3_8_118_0,2001,Total,3,India,8,Rajasthan,118,Pali,82.5,.2,,,,,,,,
3_8_119_0,2001,Total,3,India,8,Rajasthan,119,Ajmer,44.1,.1,,,,,,,,
3_8_120_0,2001,Total,3,India,8,Rajasthan,120,Tonk,83.5,0,,,,,,,,
3_8_121_0,2001,Total,3,India,8,Rajasthan,121,Bundi,73.3,.1,,,,,,,,
3_8_122_0,2001,Total,3,India,8,Rajasthan,122,Bhilwara,54.2,0,,,,,,,,
3_8_123_0,2001,Total,3,India,8,Rajasthan,123,Rajsamand,49.90000000000001,.2,,,,,,,,
3_8_124_0,2001,Total,3,India,8,Rajasthan,124,Dungarpur,45.7,0,,,,,,,,
3_8_125_0,2001,Total,3,India,8,Rajasthan,125,Banswara,51,0,,,,,,,,
3_8_126_0,2001,Total,3,India,8,Rajasthan,126,Chittaurgarh,58.40000000000001,.3,,,,,,,,
3_8_127_0,2001,Total,3,India,8,Rajasthan,127,Kota,66.8,.6000000000000001,,,,,,,,
3_8_128_0,2001,Total,3,India,8,Rajasthan,128,Baran,83.30000000000001,.7000000000000001,,,,,,,,
3_8_129_0,2001,Total,3,India,8,Rajasthan,129,Jhalawar,70.5,.2,,,,,,,,
3_8_130_0,2001,Total,3,India,8,Rajasthan,130,Udaipur,47.3,.6000000000000001,,,,,,,,
3_8_131_0,2001,Total,3,India,8,Rajasthan,131,Pratapgarh,54.1,.6000000000000001,,,,,,,,
3_8_99_0,2001,Total,3,India,8,Rajasthan,99,Ganganagar,49,0,,,,,,,,
3_9_132_0,2001,Total,3,India,9,Uttar Pradesh,132,Saharanpur,84.5,.1,,,,,,,,
3_9_133_0,2001,Total,3,India,9,Uttar Pradesh,133,Muzaffarnagar,81.40000000000001,0,,,,,,,,
3_9_134_0,2001,Total,3,India,9,Uttar Pradesh,134,Bijnor,89.40000000000001,0,,,,,,,,
3_9_135_0,2001,Total,3,India,9,Uttar Pradesh,135,Moradabad,93.60000000000001,0,,,,,,,,
3_9_136_0,2001,Total,3,India,9,Uttar Pradesh,136,Rampur,95.7,0,,,,,,,,
3_9_137_0,2001,Total,3,India,9,Uttar Pradesh,137,Jyotiba Phule Nagar,74.7,0,,,,,,,,
3_9_138_0,2001,Total,3,India,9,Uttar Pradesh,138,Meerut,80.7,0,,,,,,,,
3_9_139_0,2001,Total,3,India,9,Uttar Pradesh,139,Baghpat,72.5,0,,,,,,,,
3_9_140_0,2001,Total,3,India,9,Uttar Pradesh,140,Ghaziabad,77.40000000000001,0,,,,,,,,
3_9_141_0,2001,Total,3,India,9,Uttar Pradesh,141,Gautam Buddha Nagar,86.60000000000001,0,,,,,,,,
3_9_142_0,2001,Total,3,India,9,Uttar Pradesh,142,Bulandshahr,94.7,0,,,,,,,,
3_9_143_0,2001,Total,3,India,9,Uttar Pradesh,143,Aligarh,96.40000000000001,0,,,,,,,,
3_9_144_0,2001,Total,3,India,9,Uttar Pradesh,144,Mahamaya Nagar,88.5,0,,,,,,,,
3_9_145_0,2001,Total,3,India,9,Uttar Pradesh,145,Mathura,96.40000000000001,0,,,,,,,,
3_9_146_0,2001,Total,3,India,9,Uttar Pradesh,146,Agra,91.5,0,,,,,,,,
3_9_147_0,2001,Total,3,India,9,Uttar Pradesh,147,Firozabad,96.7,0,,,,,,,,
3_9_148_0,2001,Total,3,India,9,Uttar Pradesh,148,Mainpuri,99,0,,,,,,,,
3_9_149_0,2001,Total,3,India,9,Uttar Pradesh,149,Budaun,96.60000000000001,0,,,,,,,,
3_9_150_0,2001,Total,3,India,9,Uttar Pradesh,150,Bareilly,97.2,0,,,,,,,,
3_9_151_0,2001,Total,3,India,9,Uttar Pradesh,151,Pilibhit,78,.4,,,,,,,,
3_9_152_0,2001,Total,3,India,9,Uttar Pradesh,152,Shahjahanpur,96.90000000000001,0,,,,,,,,
3_9_153_0,2001,Total,3,India,9,Uttar Pradesh,153,Kheri,81.40000000000001,.5,,,,,,,,
3_9_154_0,2001,Total,3,India,9,Uttar Pradesh,154,Sitapur,97.7,0,,,,,,,,
3_9_155_0,2001,Total,3,India,9,Uttar Pradesh,155,Hardoi,98,0,,,,,,,,
3_9_156_0,2001,Total,3,India,9,Uttar Pradesh,156,Unnao,93.10000000000001,0,,,,,,,,
3_9_157_0,2001,Total,3,India,9,Uttar Pradesh,157,Lucknow,88.2,0,,,,,,,,
3_9_158_0,2001,Total,3,India,9,Uttar Pradesh,158,Rae Bareli,93.2,0,,,,,,,,
3_9_159_0,2001,Total,3,India,9,Uttar Pradesh,159,Farrukhabad,93.90000000000001,0,,,,,,,,
3_9_160_0,2001,Total,3,India,9,Uttar Pradesh,160,Kannauj,97,0,,,,,,,,
3_9_161_0,2001,Total,3,India,9,Uttar Pradesh,161,Etawah,97.30000000000001,0,,,,,,,,
3_9_162_0,2001,Total,3,India,9,Uttar Pradesh,162,Auraiya,97.5,0,,,,,,,,
3_9_163_0,2001,Total,3,India,9,Uttar Pradesh,163,Kanpur Dehat,91.60000000000001,0,,,,,,,,
3_9_164_0,2001,Total,3,India,9,Uttar Pradesh,164,Kanpur Nagar,86.60000000000001,0,,,,,,,,
3_9_165_0,2001,Total,3,India,9,Uttar Pradesh,165,Jalaun,96.5,0,,,,,,,,
3_9_166_0,2001,Total,3,India,9,Uttar Pradesh,166,Jhansi,95.7,.1,,,,,,,,
3_9_167_0,2001,Total,3,India,9,Uttar Pradesh,167,Lalitpur,83,2.2,,,,,,,,
3_9_168_0,2001,Total,3,India,9,Uttar Pradesh,168,Hamirpur,96.40000000000001,0,,,,,,,,
3_9_169_0,2001,Total,3,India,9,Uttar Pradesh,169,Mahoba,86.80000000000001,.2,,,,,,,,
3_9_170_0,2001,Total,3,India,9,Uttar Pradesh,170,Banda,96.90000000000001,0,,,,,,,,
3_9_171_0,2001,Total,3,India,9,Uttar Pradesh,171,Chitrakoot,72.40000000000001,2.2,,,,,,,,
3_9_172_0,2001,Total,3,India,9,Uttar Pradesh,172,Fatehpur,96.2,0,,,,,,,,
3_9_173_0,2001,Total,3,India,9,Uttar Pradesh,173,Pratapgarh,98,0,,,,,,,,
3_9_174_0,2001,Total,3,India,9,Uttar Pradesh,174,Kaushambi,96.7,0,,,,,,,,
3_9_175_0,2001,Total,3,India,9,Uttar Pradesh,175,Allahabad,94.10000000000001,0,,,,,,,,
3_9_176_0,2001,Total,3,India,9,Uttar Pradesh,176,Bara Banki,94.5,0,,,,,,,,
3_9_177_0,2001,Total,3,India,9,Uttar Pradesh,177,Faizabad,96.10000000000001,0,,,,,,,,
3_9_178_0,2001,Total,3,India,9,Uttar Pradesh,178,Ambedkar Nagar,97.30000000000001,0,,,,,,,,
3_9_179_0,2001,Total,3,India,9,Uttar Pradesh,179,Sultanpur,99,0,,,,,,,,
3_9_180_0,2001,Total,3,India,9,Uttar Pradesh,180,Bahraich,84.40000000000001,.2,,,,,,,,
3_9_181_0,2001,Total,3,India,9,Uttar Pradesh,181,Shrawasti,84.7,.2,,,,,,,,
3_9_182_0,2001,Total,3,India,9,Uttar Pradesh,182,Balrampur,83.2,.2,,,,,,,,
3_9_183_0,2001,Total,3,India,9,Uttar Pradesh,183,Gonda,97.2,0,,,,,,,,
3_9_184_0,2001,Total,3,India,9,Uttar Pradesh,184,Siddharthnagar,99.10000000000001,0,,,,,,,,
3_9_185_0,2001,Total,3,India,9,Uttar Pradesh,185,Basti,95.40000000000001,0,,,,,,,,
3_9_186_0,2001,Total,3,India,9,Uttar Pradesh,186,Sant Kabir Nagar,96.80000000000001,.1,,,,,,,,
3_9_187_0,2001,Total,3,India,9,Uttar Pradesh,187,Mahrajganj,88.5,.3,,,,,,,,
3_9_188_0,2001,Total,3,India,9,Uttar Pradesh,188,Gorakhpur,94,.1,,,,,,,,
3_9_189_0,2001,Total,3,India,9,Uttar Pradesh,189,Kushinagar,96.10000000000001,0,,,,,,,,
3_9_190_0,2001,Total,3,India,9,Uttar Pradesh,190,Deoria,94.2,.1,,,,,,,,
3_9_191_0,2001,Total,3,India,9,Uttar Pradesh,191,Azamgarh,97.60000000000001,0,,,,,,,,
3_9_192_0,2001,Total,3,India,9,Uttar Pradesh,192,Mau,95.40000000000001,.4,,,,,,,,
3_9_193_0,2001,Total,3,India,9,Uttar Pradesh,193,Ballia,88.40000000000001,.1,,,,,,,,
3_9_194_0,2001,Total,3,India,9,Uttar Pradesh,194,Jaunpur,99.10000000000001,0,,,,,,,,
3_9_195_0,2001,Total,3,India,9,Uttar Pradesh,195,Ghazipur,95,0,,,,,,,,
3_9_196_0,2001,Total,3,India,9,Uttar Pradesh,196,Chandauli,66.7,.7000000000000001,,,,,,,,
3_9_197_0,2001,Total,3,India,9,Uttar Pradesh,197,Varanasi,89.2,0,,,,,,,,
3_9_198_0,2001,Total,3,India,9,Uttar Pradesh,198,Sant Ravidas Nagar (Bhadohi),94.60000000000001,0,,,,,,,,
3_9_199_0,2001,Total,3,India,9,Uttar Pradesh,199,Mirzapur,78.7,.9,,,,,,,,
3_9_200_0,2001,Total,3,India,9,Uttar Pradesh,200,Sonbhadra,41.2,3.3,,,,,,,,
3_9_201_0,2001,Total,3,India,9,Uttar Pradesh,201,Etah,96.10000000000001,0,,,,,,,,
3_9_202_0,2001,Total,3,India,9,Uttar Pradesh,202,Kanshiram Nagar,95.40000000000001,0,,,,,,,,
